ORF	ORF_ID	Number_of_hits	Toxin_prediction	Signal_peptide	Toxin_confidence_level
1_1	0000000001	0	non_pathogenic	N	-
1_2	0000000002	0	non_pathogenic	N	-
1_3	0000000003	0	non_pathogenic	N	-
1_4	0000000004	0	non_pathogenic	Y	-
1_5	0000000005	0	non_pathogenic	Y	-
1_6	0000000006	0	non_pathogenic	N	-
1_7	0000000007	0	non_pathogenic	N	-
1_8	0000000008	0	non_pathogenic	N	-
1_9	0000000009	0	non_pathogenic	N	-
1_10	0000000010	0	non_pathogenic	N	-
1_11	0000000011	0	non_pathogenic	Y	-
1_12	0000000012	0	non_pathogenic	N	-
1_13	0000000013	0	non_pathogenic	N	-
1_14	0000000014	0	non_pathogenic	N	-
1_15	0000000015	0	non_pathogenic	N	-
1_16	0000000016	0	non_pathogenic	N	-
1_17	0000000017	0	non_pathogenic	N	-
1_18	0000000018	0	non_pathogenic	N	-
1_19	0000000019	0	non_pathogenic	N	-
1_20	0000000020	0	non_pathogenic	Y	-
1_21	0000000021	0	non_pathogenic	N	-
1_22	0000000022	0	non_pathogenic	N	-
1_23	0000000023	0	non_pathogenic	N	-
1_24	0000000024	0	non_pathogenic	N	-
1_25	0000000025	0	non_pathogenic	N	-
1_26	0000000026	0	non_pathogenic	N	-
1_27	0000000027	0	non_pathogenic	N	-
1_28	0000000028	0	non_pathogenic	N	-
1_29	0000000029	0	non_pathogenic	N	-
1_30	0000000030	0	non_pathogenic	N	-
1_31	0000000031	0	non_pathogenic	N	-
1_32	0000000032	0	non_pathogenic	N	-
1_33	0000000033	0	non_pathogenic	Y	-
1_34	0000000034	0	non_pathogenic	N	-
1_35	0000000035	0	non_pathogenic	N	-
1_36	0000000036	0	non_pathogenic	N	-
1_37	0000000037	0	non_pathogenic	N	-
1_38	0000000038	0	non_pathogenic	N	-
1_39	0000000039	0	non_pathogenic	N	-
1_40	0000000040	0	non_pathogenic	N	-
1_41	0000000041	0	non_pathogenic	N	-
1_42	0000000042	0	non_pathogenic	N	-
1_43	0000000043	0	non_pathogenic	N	-
1_44	0000000044	0	non_pathogenic	N	-
1_45	0000000045	0	non_pathogenic	Y	-
1_46	0000000046	0	non_pathogenic	N	-
1_47	0000000047	0	non_pathogenic	N	-
1_48	0000000048	0	non_pathogenic	N	-
1_49	0000000049	0	non_pathogenic	N	-
1_50	0000000050	0	non_pathogenic	Y	-
1_51	0000000051	0	non_pathogenic	Y	-
1_52	0000000052	0	non_pathogenic	N	-
1_53	0000000053	0	non_pathogenic	N	-
1_54	0000000054	0	non_pathogenic	N	-
1_55	0000000055	0	non_pathogenic	N	-
1_56	0000000056	0	non_pathogenic	N	-
1_57	0000000057	0	non_pathogenic	N	-
1_58	0000000058	0	non_pathogenic	Y	-
1_59	0000000059	0	non_pathogenic	N	-
1_60	0000000060	0	non_pathogenic	N	-
1_61	0000000061	0	non_pathogenic	N	-
1_62	0000000062	1	pathogenic	N	2: Non-secreted Toxin
1_63	0000000063	0	non_pathogenic	N	-
1_64	0000000064	0	non_pathogenic	N	-
1_65	0000000065	0	non_pathogenic	Y	-
1_66	0000000066	0	non_pathogenic	Y	-
1_67	0000000067	0	non_pathogenic	N	-
1_68	0000000068	0	non_pathogenic	N	-
1_69	0000000069	0	non_pathogenic	Y	-
1_70	0000000070	0	non_pathogenic	N	-
1_71	0000000071	0	non_pathogenic	Y	-
1_72	0000000072	0	non_pathogenic	N	-
1_73	0000000073	0	non_pathogenic	N	-
1_74	0000000074	0	non_pathogenic	N	-
1_75	0000000075	0	non_pathogenic	N	-
1_76	0000000076	0	non_pathogenic	N	-
1_77	0000000077	0	non_pathogenic	N	-
1_78	0000000078	0	non_pathogenic	Y	-
1_79	0000000079	0	non_pathogenic	N	-
1_80	0000000080	0	non_pathogenic	N	-
1_81	0000000081	0	non_pathogenic	N	-
1_82	0000000082	0	non_pathogenic	N	-
1_83	0000000083	0	non_pathogenic	N	-
1_84	0000000084	0	non_pathogenic	Y	-
1_85	0000000085	0	non_pathogenic	N	-
1_86	0000000086	0	non_pathogenic	N	-
1_87	0000000087	0	non_pathogenic	Y	-
1_88	0000000088	0	non_pathogenic	N	-
1_89	0000000089	0	non_pathogenic	N	-
1_90	0000000090	0	non_pathogenic	Y	-
1_91	0000000091	0	non_pathogenic	N	-
1_92	0000000092	0	non_pathogenic	N	-
1_93	0000000093	0	non_pathogenic	Y	-
1_94	0000000094	0	non_pathogenic	N	-
1_95	0000000095	0	non_pathogenic	Y	-
1_96	0000000096	0	non_pathogenic	N	-
1_97	0000000097	0	non_pathogenic	Y	-
1_98	0000000098	0	non_pathogenic	N	-
1_99	0000000099	0	non_pathogenic	N	-
1_100	0000000100	0	non_pathogenic	N	-
1_101	0000000101	0	non_pathogenic	Y	-
1_102	0000000102	0	non_pathogenic	N	-
1_103	0000000103	0	non_pathogenic	N	-
1_104	0000000104	1	pathogenic	N	2: Non-secreted Toxin
1_105	0000000105	0	non_pathogenic	N	-
1_106	0000000106	0	non_pathogenic	N	-
1_107	0000000107	0	non_pathogenic	N	-
1_108	0000000108	0	non_pathogenic	N	-
1_109	0000000109	0	non_pathogenic	N	-
1_110	0000000110	0	non_pathogenic	N	-
1_111	0000000111	0	non_pathogenic	N	-
1_112	0000000112	0	non_pathogenic	N	-
1_113	0000000113	0	non_pathogenic	N	-
1_114	0000000114	0	non_pathogenic	N	-
1_115	0000000115	0	non_pathogenic	N	-
1_116	0000000116	0	non_pathogenic	N	-
1_117	0000000117	0	non_pathogenic	N	-
1_118	0000000118	0	non_pathogenic	N	-
1_119	0000000119	0	non_pathogenic	N	-
1_120	0000000120	0	non_pathogenic	N	-
1_121	0000000121	0	non_pathogenic	N	-
1_122	0000000122	0	non_pathogenic	N	-
1_123	0000000123	0	non_pathogenic	N	-
1_124	0000000124	0	non_pathogenic	N	-
1_125	0000000125	0	non_pathogenic	N	-
1_126	0000000126	0	non_pathogenic	N	-
1_127	0000000127	0	non_pathogenic	N	-
1_128	0000000128	0	non_pathogenic	N	-
1_129	0000000129	0	non_pathogenic	N	-
1_130	0000000130	0	non_pathogenic	N	-
1_131	0000000131	0	non_pathogenic	Y	-
1_132	0000000132	0	non_pathogenic	N	-
1_133	0000000133	0	non_pathogenic	N	-
1_134	0000000134	0	non_pathogenic	N	-
1_135	0000000135	0	non_pathogenic	Y	-
1_136	0000000136	0	non_pathogenic	N	-
1_137	0000000137	0	non_pathogenic	Y	-
1_138	0000000138	0	non_pathogenic	N	-
1_139	0000000139	1	pathogenic	N	2: Non-secreted Toxin
1_140	0000000140	0	non_pathogenic	N	-
1_141	0000000141	0	non_pathogenic	N	-
1_142	0000000142	0	non_pathogenic	N	-
1_143	0000000143	0	non_pathogenic	N	-
1_144	0000000144	0	non_pathogenic	N	-
1_145	0000000145	0	non_pathogenic	N	-
1_146	0000000146	0	non_pathogenic	N	-
1_147	0000000147	0	non_pathogenic	N	-
1_148	0000000148	0	non_pathogenic	N	-
1_149	0000000149	0	non_pathogenic	Y	-
1_150	0000000150	0	non_pathogenic	Y	-
1_151	0000000151	0	non_pathogenic	N	-
1_152	0000000152	0	non_pathogenic	Y	-
1_153	0000000153	0	non_pathogenic	N	-
1_154	0000000154	0	non_pathogenic	Y	-
1_155	0000000155	0	non_pathogenic	N	-
1_156	0000000156	0	non_pathogenic	N	-
1_157	0000000157	0	non_pathogenic	N	-
1_158	0000000158	0	non_pathogenic	N	-
1_159	0000000159	0	non_pathogenic	N	-
1_160	0000000160	0	non_pathogenic	N	-
1_161	0000000161	0	non_pathogenic	N	-
1_162	0000000162	0	non_pathogenic	N	-
1_163	0000000163	0	non_pathogenic	N	-
1_164	0000000164	0	non_pathogenic	N	-
1_165	0000000165	0	non_pathogenic	N	-
1_166	0000000166	0	non_pathogenic	N	-
1_167	0000000167	0	non_pathogenic	N	-
1_168	0000000168	0	non_pathogenic	Y	-
1_169	0000000169	0	non_pathogenic	Y	-
1_170	0000000170	0	non_pathogenic	Y	-
1_171	0000000171	0	non_pathogenic	Y	-
1_172	0000000172	0	non_pathogenic	Y	-
1_173	0000000173	0	non_pathogenic	N	-
1_174	0000000174	0	non_pathogenic	Y	-
1_175	0000000175	0	non_pathogenic	N	-
1_176	0000000176	0	non_pathogenic	N	-
1_177	0000000177	0	non_pathogenic	N	-
1_178	0000000178	0	non_pathogenic	Y	-
1_179	0000000179	0	non_pathogenic	N	-
1_180	0000000180	0	non_pathogenic	N	-
1_181	0000000181	0	non_pathogenic	N	-
1_182	0000000182	0	non_pathogenic	N	-
1_183	0000000183	0	non_pathogenic	N	-
1_184	0000000184	0	non_pathogenic	N	-
1_185	0000000185	0	non_pathogenic	Y	-
1_186	0000000186	0	non_pathogenic	N	-
1_187	0000000187	0	non_pathogenic	Y	-
1_188	0000000188	0	non_pathogenic	N	-
1_189	0000000189	0	non_pathogenic	N	-
1_190	0000000190	0	non_pathogenic	N	-
1_191	0000000191	0	non_pathogenic	N	-
1_192	0000000192	0	non_pathogenic	N	-
1_193	0000000193	0	non_pathogenic	N	-
1_194	0000000194	1	pathogenic	N	2: Non-secreted Toxin
1_195	0000000195	0	non_pathogenic	N	-
1_196	0000000196	0	non_pathogenic	N	-
1_197	0000000197	0	non_pathogenic	N	-
1_198	0000000198	0	non_pathogenic	Y	-
1_199	0000000199	0	non_pathogenic	Y	-
1_200	0000000200	0	non_pathogenic	N	-
1_201	0000000201	0	non_pathogenic	N	-
1_202	0000000202	0	non_pathogenic	N	-
1_203	0000000203	0	non_pathogenic	N	-
1_204	0000000204	0	non_pathogenic	N	-
1_205	0000000205	0	non_pathogenic	Y	-
1_206	0000000206	0	non_pathogenic	Y	-
1_207	0000000207	1	pathogenic	N	2: Non-secreted Toxin
1_208	0000000208	0	non_pathogenic	N	-
1_209	0000000209	0	non_pathogenic	N	-
1_210	0000000210	0	non_pathogenic	N	-
1_211	0000000211	0	non_pathogenic	N	-
1_212	0000000212	0	non_pathogenic	N	-
1_213	0000000213	0	non_pathogenic	Y	-
1_214	0000000214	0	non_pathogenic	N	-
1_215	0000000215	0	non_pathogenic	N	-
1_216	0000000216	0	non_pathogenic	N	-
1_217	0000000217	0	non_pathogenic	N	-
1_218	0000000218	0	non_pathogenic	N	-
1_219	0000000219	0	non_pathogenic	N	-
1_220	0000000220	0	non_pathogenic	Y	-
1_221	0000000221	0	non_pathogenic	N	-
1_222	0000000222	0	non_pathogenic	N	-
1_223	0000000223	0	non_pathogenic	N	-
1_224	0000000224	0	non_pathogenic	N	-
1_225	0000000225	0	non_pathogenic	N	-
1_226	0000000226	0	non_pathogenic	N	-
1_227	0000000227	0	non_pathogenic	N	-
1_228	0000000228	0	non_pathogenic	N	-
1_229	0000000229	0	non_pathogenic	N	-
1_230	0000000230	0	non_pathogenic	Y	-
1_231	0000000231	0	non_pathogenic	N	-
1_232	0000000232	0	non_pathogenic	N	-
1_233	0000000233	0	non_pathogenic	N	-
1_234	0000000234	0	non_pathogenic	N	-
1_235	0000000235	0	non_pathogenic	N	-
1_236	0000000236	0	non_pathogenic	N	-
1_237	0000000237	0	non_pathogenic	N	-
1_238	0000000238	0	non_pathogenic	Y	-
1_239	0000000239	0	non_pathogenic	N	-
1_240	0000000240	0	non_pathogenic	N	-
1_241	0000000241	0	non_pathogenic	N	-
1_242	0000000242	0	non_pathogenic	N	-
1_243	0000000243	0	non_pathogenic	N	-
1_244	0000000244	0	non_pathogenic	N	-
1_245	0000000245	0	non_pathogenic	Y	-
1_246	0000000246	0	non_pathogenic	N	-
1_247	0000000247	0	non_pathogenic	N	-
1_248	0000000248	0	non_pathogenic	N	-
1_249	0000000249	0	non_pathogenic	N	-
1_250	0000000250	0	non_pathogenic	N	-
1_251	0000000251	0	non_pathogenic	N	-
1_252	0000000252	0	non_pathogenic	N	-
1_253	0000000253	0	non_pathogenic	N	-
1_254	0000000254	0	non_pathogenic	Y	-
1_255	0000000255	0	non_pathogenic	Y	-
1_256	0000000256	0	non_pathogenic	Y	-
1_257	0000000257	0	non_pathogenic	N	-
1_258	0000000258	0	non_pathogenic	N	-
1_259	0000000259	0	non_pathogenic	N	-
1_260	0000000260	0	non_pathogenic	N	-
1_261	0000000261	0	non_pathogenic	N	-
1_262	0000000262	0	non_pathogenic	N	-
1_263	0000000263	0	non_pathogenic	N	-
1_264	0000000264	0	non_pathogenic	Y	-
1_265	0000000265	0	non_pathogenic	Y	-
1_266	0000000266	0	non_pathogenic	N	-
1_267	0000000267	0	non_pathogenic	N	-
1_268	0000000268	0	non_pathogenic	N	-
1_269	0000000269	0	non_pathogenic	N	-
1_270	0000000270	0	non_pathogenic	Y	-
1_271	0000000271	0	non_pathogenic	N	-
1_272	0000000272	0	non_pathogenic	N	-
1_273	0000000273	0	non_pathogenic	N	-
1_274	0000000274	0	non_pathogenic	N	-
1_275	0000000275	0	non_pathogenic	Y	-
1_276	0000000276	0	non_pathogenic	N	-
1_277	0000000277	0	non_pathogenic	N	-
1_278	0000000278	0	non_pathogenic	N	-
1_279	0000000279	0	non_pathogenic	N	-
1_280	0000000280	0	non_pathogenic	Y	-
1_281	0000000281	0	non_pathogenic	N	-
1_282	0000000282	0	non_pathogenic	N	-
1_283	0000000283	0	non_pathogenic	N	-
1_284	0000000284	0	non_pathogenic	N	-
1_285	0000000285	0	non_pathogenic	N	-
1_286	0000000286	0	non_pathogenic	N	-
1_287	0000000287	0	non_pathogenic	N	-
1_288	0000000288	0	non_pathogenic	N	-
1_289	0000000289	0	non_pathogenic	N	-
1_290	0000000290	0	non_pathogenic	N	-
1_291	0000000291	0	non_pathogenic	N	-
1_292	0000000292	0	non_pathogenic	Y	-
1_293	0000000293	0	non_pathogenic	N	-
1_294	0000000294	0	non_pathogenic	N	-
1_295	0000000295	0	non_pathogenic	N	-
1_296	0000000296	0	non_pathogenic	N	-
1_297	0000000297	0	non_pathogenic	N	-
1_298	0000000298	0	non_pathogenic	N	-
1_299	0000000299	0	non_pathogenic	N	-
1_300	0000000300	0	non_pathogenic	N	-
1_301	0000000301	0	non_pathogenic	N	-
1_302	0000000302	0	non_pathogenic	N	-
1_303	0000000303	0	non_pathogenic	Y	-
1_304	0000000304	0	non_pathogenic	N	-
1_305	0000000305	0	non_pathogenic	N	-
1_306	0000000306	0	non_pathogenic	Y	-
1_307	0000000307	0	non_pathogenic	Y	-
1_308	0000000308	0	non_pathogenic	N	-
1_309	0000000309	0	non_pathogenic	N	-
1_310	0000000310	0	non_pathogenic	Y	-
1_311	0000000311	0	non_pathogenic	Y	-
1_312	0000000312	0	non_pathogenic	N	-
1_313	0000000313	0	non_pathogenic	N	-
1_314	0000000314	0	non_pathogenic	N	-
1_315	0000000315	0	non_pathogenic	N	-
1_316	0000000316	0	non_pathogenic	N	-
1_317	0000000317	0	non_pathogenic	N	-
1_318	0000000318	0	non_pathogenic	N	-
1_319	0000000319	0	non_pathogenic	N	-
1_320	0000000320	0	non_pathogenic	N	-
1_321	0000000321	0	non_pathogenic	N	-
1_322	0000000322	0	non_pathogenic	N	-
1_323	0000000323	0	non_pathogenic	N	-
1_324	0000000324	0	non_pathogenic	N	-
1_325	0000000325	0	non_pathogenic	N	-
1_326	0000000326	0	non_pathogenic	N	-
1_327	0000000327	0	non_pathogenic	N	-
1_328	0000000328	0	non_pathogenic	N	-
1_329	0000000329	0	non_pathogenic	N	-
1_330	0000000330	0	non_pathogenic	N	-
1_331	0000000331	0	non_pathogenic	N	-
1_332	0000000332	0	non_pathogenic	Y	-
1_333	0000000333	1	pathogenic	N	2: Non-secreted Toxin
1_334	0000000334	1	pathogenic	Y	1: Secreted Toxin
1_335	0000000335	0	non_pathogenic	Y	-
1_336	0000000336	0	non_pathogenic	Y	-
1_337	0000000337	0	non_pathogenic	N	-
1_338	0000000338	0	non_pathogenic	N	-
1_339	0000000339	0	non_pathogenic	N	-
1_340	0000000340	0	non_pathogenic	N	-
1_341	0000000341	0	non_pathogenic	N	-
1_342	0000000342	0	non_pathogenic	N	-
1_343	0000000343	0	non_pathogenic	N	-
1_344	0000000344	0	non_pathogenic	N	-
1_345	0000000345	0	non_pathogenic	N	-
1_346	0000000346	0	non_pathogenic	N	-
1_347	0000000347	0	non_pathogenic	N	-
1_348	0000000348	0	non_pathogenic	Y	-
1_349	0000000349	0	non_pathogenic	N	-
1_350	0000000350	0	non_pathogenic	N	-
1_351	0000000351	0	non_pathogenic	Y	-
1_352	0000000352	0	non_pathogenic	N	-
1_353	0000000353	0	non_pathogenic	N	-
1_354	0000000354	0	non_pathogenic	N	-
1_355	0000000355	0	non_pathogenic	N	-
1_356	0000000356	0	non_pathogenic	N	-
1_357	0000000357	0	non_pathogenic	N	-
1_358	0000000358	0	non_pathogenic	N	-
1_359	0000000359	0	non_pathogenic	N	-
1_360	0000000360	0	non_pathogenic	N	-
1_361	0000000361	0	non_pathogenic	N	-
1_362	0000000362	0	non_pathogenic	N	-
1_363	0000000363	0	non_pathogenic	Y	-
1_364	0000000364	0	non_pathogenic	Y	-
1_365	0000000365	0	non_pathogenic	N	-
1_366	0000000366	0	non_pathogenic	N	-
1_367	0000000367	0	non_pathogenic	N	-
1_368	0000000368	0	non_pathogenic	N	-
1_369	0000000369	0	non_pathogenic	N	-
1_370	0000000370	0	non_pathogenic	N	-
1_371	0000000371	0	non_pathogenic	N	-
1_372	0000000372	0	non_pathogenic	N	-
1_373	0000000373	0	non_pathogenic	N	-
1_374	0000000374	0	non_pathogenic	N	-
1_375	0000000375	0	non_pathogenic	N	-
1_376	0000000376	0	non_pathogenic	N	-
1_377	0000000377	0	non_pathogenic	N	-
1_378	0000000378	0	non_pathogenic	N	-
1_379	0000000379	0	non_pathogenic	N	-
1_380	0000000380	0	non_pathogenic	N	-
1_381	0000000381	0	non_pathogenic	Y	-
1_382	0000000382	0	non_pathogenic	N	-
1_383	0000000383	0	non_pathogenic	N	-
1_384	0000000384	0	non_pathogenic	N	-
1_385	0000000385	0	non_pathogenic	N	-
1_386	0000000386	0	non_pathogenic	Y	-
1_387	0000000387	0	non_pathogenic	N	-
1_388	0000000388	0	non_pathogenic	N	-
1_389	0000000389	0	non_pathogenic	N	-
1_390	0000000390	0	non_pathogenic	N	-
1_391	0000000391	0	non_pathogenic	N	-
1_392	0000000392	0	non_pathogenic	Y	-
1_393	0000000393	0	non_pathogenic	Y	-
1_394	0000000394	0	non_pathogenic	N	-
1_395	0000000395	0	non_pathogenic	N	-
1_396	0000000396	0	non_pathogenic	N	-
1_397	0000000397	0	non_pathogenic	N	-
1_398	0000000398	0	non_pathogenic	N	-
1_399	0000000399	0	non_pathogenic	N	-
1_400	0000000400	0	non_pathogenic	N	-
1_401	0000000401	0	non_pathogenic	N	-
1_402	0000000402	0	non_pathogenic	N	-
1_403	0000000403	0	non_pathogenic	Y	-
1_404	0000000404	0	non_pathogenic	N	-
1_405	0000000405	0	non_pathogenic	N	-
1_406	0000000406	0	non_pathogenic	N	-
1_407	0000000407	0	non_pathogenic	N	-
1_408	0000000408	0	non_pathogenic	N	-
1_409	0000000409	0	non_pathogenic	N	-
1_410	0000000410	0	non_pathogenic	N	-
1_411	0000000411	0	non_pathogenic	N	-
1_412	0000000412	0	non_pathogenic	N	-
1_413	0000000413	0	non_pathogenic	Y	-
1_414	0000000414	0	non_pathogenic	Y	-
1_415	0000000415	0	non_pathogenic	N	-
1_416	0000000416	0	non_pathogenic	N	-
1_417	0000000417	0	non_pathogenic	N	-
1_418	0000000418	0	non_pathogenic	N	-
1_419	0000000419	0	non_pathogenic	N	-
1_420	0000000420	0	non_pathogenic	N	-
1_421	0000000421	0	non_pathogenic	N	-
1_422	0000000422	0	non_pathogenic	N	-
1_423	0000000423	0	non_pathogenic	N	-
1_424	0000000424	0	non_pathogenic	N	-
1_425	0000000425	0	non_pathogenic	N	-
1_426	0000000426	0	non_pathogenic	N	-
1_427	0000000427	0	non_pathogenic	N	-
1_428	0000000428	0	non_pathogenic	N	-
1_429	0000000429	0	non_pathogenic	N	-
1_430	0000000430	0	non_pathogenic	N	-
1_431	0000000431	0	non_pathogenic	Y	-
1_432	0000000432	0	non_pathogenic	Y	-
1_433	0000000433	0	non_pathogenic	N	-
1_434	0000000434	0	non_pathogenic	N	-
1_435	0000000435	0	non_pathogenic	N	-
1_436	0000000436	0	non_pathogenic	N	-
1_437	0000000437	0	non_pathogenic	N	-
1_438	0000000438	0	non_pathogenic	N	-
1_439	0000000439	0	non_pathogenic	Y	-
1_440	0000000440	0	non_pathogenic	Y	-
1_441	0000000441	0	non_pathogenic	N	-
1_442	0000000442	0	non_pathogenic	N	-
1_443	0000000443	0	non_pathogenic	N	-
1_444	0000000444	0	non_pathogenic	N	-
1_445	0000000445	0	non_pathogenic	N	-
1_446	0000000446	0	non_pathogenic	Y	-
1_447	0000000447	0	non_pathogenic	N	-
1_448	0000000448	0	non_pathogenic	N	-
1_449	0000000449	0	non_pathogenic	N	-
1_450	0000000450	0	non_pathogenic	N	-
1_451	0000000451	0	non_pathogenic	Y	-
1_452	0000000452	0	non_pathogenic	N	-
1_453	0000000453	0	non_pathogenic	Y	-
1_454	0000000454	0	non_pathogenic	N	-
1_455	0000000455	0	non_pathogenic	N	-
1_456	0000000456	1	pathogenic	Y	1: Secreted Toxin
1_457	0000000457	0	non_pathogenic	N	-
1_458	0000000458	1	pathogenic	N	2: Non-secreted Toxin
1_459	0000000459	0	non_pathogenic	N	-
1_460	0000000460	0	non_pathogenic	Y	-
1_461	0000000461	0	non_pathogenic	N	-
1_462	0000000462	0	non_pathogenic	Y	-
1_463	0000000463	0	non_pathogenic	N	-
1_464	0000000464	0	non_pathogenic	N	-
1_465	0000000465	0	non_pathogenic	N	-
1_466	0000000466	0	non_pathogenic	Y	-
1_467	0000000467	0	non_pathogenic	N	-
1_468	0000000468	0	non_pathogenic	N	-
1_469	0000000469	0	non_pathogenic	N	-
1_470	0000000470	0	non_pathogenic	N	-
1_471	0000000471	1	pathogenic	N	2: Non-secreted Toxin
1_472	0000000472	0	non_pathogenic	Y	-
1_473	0000000473	0	non_pathogenic	N	-
1_474	0000000474	0	non_pathogenic	N	-
1_475	0000000475	1	pathogenic	N	2: Non-secreted Toxin
1_476	0000000476	0	non_pathogenic	N	-
1_477	0000000477	0	non_pathogenic	N	-
1_478	0000000478	0	non_pathogenic	N	-
1_479	0000000479	0	non_pathogenic	Y	-
1_480	0000000480	0	non_pathogenic	N	-
1_481	0000000481	0	non_pathogenic	N	-
1_482	0000000482	0	non_pathogenic	Y	-
1_483	0000000483	0	non_pathogenic	N	-
1_484	0000000484	0	non_pathogenic	N	-
1_485	0000000485	0	non_pathogenic	N	-
1_486	0000000486	0	non_pathogenic	N	-
1_487	0000000487	0	non_pathogenic	N	-
1_488	0000000488	0	non_pathogenic	N	-
1_489	0000000489	0	non_pathogenic	N	-
1_490	0000000490	0	non_pathogenic	N	-
1_491	0000000491	0	non_pathogenic	N	-
1_492	0000000492	0	non_pathogenic	N	-
1_493	0000000493	0	non_pathogenic	N	-
1_494	0000000494	0	non_pathogenic	N	-
1_495	0000000495	0	non_pathogenic	N	-
1_496	0000000496	0	non_pathogenic	N	-
1_497	0000000497	0	non_pathogenic	N	-
1_498	0000000498	0	non_pathogenic	N	-
1_499	0000000499	0	non_pathogenic	N	-
1_500	0000000500	0	non_pathogenic	N	-
1_501	0000000501	0	non_pathogenic	N	-
1_502	0000000502	0	non_pathogenic	N	-
1_503	0000000503	0	non_pathogenic	N	-
1_504	0000000504	0	non_pathogenic	N	-
1_505	0000000505	0	non_pathogenic	N	-
1_506	0000000506	0	non_pathogenic	N	-
1_507	0000000507	0	non_pathogenic	N	-
1_508	0000000508	0	non_pathogenic	Y	-
1_509	0000000509	0	non_pathogenic	N	-
1_510	0000000510	0	non_pathogenic	N	-
1_511	0000000511	0	non_pathogenic	N	-
1_512	0000000512	0	non_pathogenic	N	-
1_513	0000000513	0	non_pathogenic	N	-
1_514	0000000514	0	non_pathogenic	N	-
1_515	0000000515	0	non_pathogenic	N	-
1_516	0000000516	0	non_pathogenic	N	-
1_517	0000000517	0	non_pathogenic	N	-
1_518	0000000518	0	non_pathogenic	N	-
1_519	0000000519	0	non_pathogenic	N	-
1_520	0000000520	0	non_pathogenic	N	-
1_521	0000000521	0	non_pathogenic	Y	-
1_522	0000000522	0	non_pathogenic	N	-
1_523	0000000523	0	non_pathogenic	N	-
1_524	0000000524	0	non_pathogenic	N	-
1_525	0000000525	0	non_pathogenic	Y	-
1_526	0000000526	0	non_pathogenic	N	-
1_527	0000000527	0	non_pathogenic	N	-
1_528	0000000528	0	non_pathogenic	N	-
1_529	0000000529	0	non_pathogenic	N	-
1_530	0000000530	0	non_pathogenic	N	-
1_531	0000000531	0	non_pathogenic	Y	-
1_532	0000000532	0	non_pathogenic	N	-
1_533	0000000533	0	non_pathogenic	Y	-
1_534	0000000534	0	non_pathogenic	N	-
1_535	0000000535	0	non_pathogenic	N	-
1_536	0000000536	0	non_pathogenic	N	-
1_537	0000000537	0	non_pathogenic	N	-
1_538	0000000538	0	non_pathogenic	N	-
1_539	0000000539	0	non_pathogenic	N	-
1_540	0000000540	0	non_pathogenic	N	-
1_541	0000000541	0	non_pathogenic	N	-
1_542	0000000542	0	non_pathogenic	N	-
1_543	0000000543	0	non_pathogenic	N	-
1_544	0000000544	0	non_pathogenic	N	-
1_545	0000000545	0	non_pathogenic	Y	-
1_546	0000000546	0	non_pathogenic	Y	-
1_547	0000000547	0	non_pathogenic	N	-
1_548	0000000548	0	non_pathogenic	N	-
1_549	0000000549	0	non_pathogenic	N	-
1_550	0000000550	0	non_pathogenic	N	-
1_551	0000000551	0	non_pathogenic	N	-
1_552	0000000552	0	non_pathogenic	Y	-
1_553	0000000553	0	non_pathogenic	N	-
1_554	0000000554	0	non_pathogenic	N	-
1_555	0000000555	0	non_pathogenic	N	-
1_556	0000000556	0	non_pathogenic	N	-
1_557	0000000557	0	non_pathogenic	N	-
1_558	0000000558	0	non_pathogenic	N	-
1_559	0000000559	0	non_pathogenic	N	-
1_560	0000000560	0	non_pathogenic	N	-
1_561	0000000561	0	non_pathogenic	N	-
1_562	0000000562	0	non_pathogenic	Y	-
1_563	0000000563	0	non_pathogenic	N	-
1_564	0000000564	0	non_pathogenic	N	-
1_565	0000000565	0	non_pathogenic	N	-
2_1	0000000566	0	non_pathogenic	N	-
2_2	0000000567	0	non_pathogenic	N	-
2_3	0000000568	0	non_pathogenic	N	-
2_4	0000000569	0	non_pathogenic	N	-
2_5	0000000570	0	non_pathogenic	N	-
2_6	0000000571	0	non_pathogenic	N	-
2_7	0000000572	0	non_pathogenic	N	-
2_8	0000000573	0	non_pathogenic	Y	-
2_9	0000000574	0	non_pathogenic	N	-
2_10	0000000575	0	non_pathogenic	N	-
2_11	0000000576	0	non_pathogenic	N	-
2_12	0000000577	0	non_pathogenic	N	-
2_13	0000000578	0	non_pathogenic	N	-
2_14	0000000579	0	non_pathogenic	N	-
2_15	0000000580	0	non_pathogenic	N	-
2_16	0000000581	0	non_pathogenic	Y	-
2_17	0000000582	0	non_pathogenic	Y	-
2_18	0000000583	0	non_pathogenic	Y	-
2_19	0000000584	0	non_pathogenic	Y	-
2_20	0000000585	0	non_pathogenic	Y	-
2_21	0000000586	0	non_pathogenic	N	-
2_22	0000000587	0	non_pathogenic	Y	-
2_23	0000000588	0	non_pathogenic	Y	-
2_24	0000000589	0	non_pathogenic	N	-
2_25	0000000590	0	non_pathogenic	Y	-
2_26	0000000591	0	non_pathogenic	N	-
2_27	0000000592	0	non_pathogenic	N	-
2_28	0000000593	0	non_pathogenic	N	-
2_29	0000000594	0	non_pathogenic	N	-
2_30	0000000595	0	non_pathogenic	N	-
2_31	0000000596	0	non_pathogenic	N	-
2_32	0000000597	0	non_pathogenic	N	-
2_33	0000000598	0	non_pathogenic	N	-
2_34	0000000599	0	non_pathogenic	Y	-
2_35	0000000600	0	non_pathogenic	N	-
2_36	0000000601	0	non_pathogenic	N	-
2_37	0000000602	0	non_pathogenic	N	-
2_38	0000000603	0	non_pathogenic	N	-
2_39	0000000604	0	non_pathogenic	Y	-
2_40	0000000605	0	non_pathogenic	N	-
2_41	0000000606	0	non_pathogenic	N	-
2_42	0000000607	0	non_pathogenic	N	-
2_43	0000000608	0	non_pathogenic	N	-
2_44	0000000609	0	non_pathogenic	N	-
2_45	0000000610	0	non_pathogenic	N	-
2_46	0000000611	0	non_pathogenic	Y	-
2_47	0000000612	0	non_pathogenic	Y	-
2_48	0000000613	0	non_pathogenic	N	-
2_49	0000000614	0	non_pathogenic	N	-
2_50	0000000615	0	non_pathogenic	Y	-
2_51	0000000616	0	non_pathogenic	N	-
2_52	0000000617	0	non_pathogenic	N	-
2_53	0000000618	0	non_pathogenic	N	-
2_54	0000000619	0	non_pathogenic	N	-
2_55	0000000620	0	non_pathogenic	N	-
2_56	0000000621	0	non_pathogenic	Y	-
2_57	0000000622	0	non_pathogenic	N	-
2_58	0000000623	0	non_pathogenic	N	-
2_59	0000000624	0	non_pathogenic	N	-
2_60	0000000625	0	non_pathogenic	N	-
2_61	0000000626	0	non_pathogenic	N	-
2_62	0000000627	0	non_pathogenic	N	-
2_63	0000000628	0	non_pathogenic	N	-
2_64	0000000629	0	non_pathogenic	Y	-
2_65	0000000630	0	non_pathogenic	N	-
2_66	0000000631	0	non_pathogenic	N	-
2_67	0000000632	0	non_pathogenic	N	-
2_68	0000000633	0	non_pathogenic	N	-
2_69	0000000634	0	non_pathogenic	N	-
2_70	0000000635	0	non_pathogenic	N	-
2_71	0000000636	0	non_pathogenic	N	-
2_72	0000000637	0	non_pathogenic	N	-
2_73	0000000638	0	non_pathogenic	N	-
2_74	0000000639	0	non_pathogenic	Y	-
2_75	0000000640	0	non_pathogenic	N	-
2_76	0000000641	0	non_pathogenic	N	-
2_77	0000000642	0	non_pathogenic	N	-
2_78	0000000643	0	non_pathogenic	Y	-
2_79	0000000644	0	non_pathogenic	N	-
2_80	0000000645	0	non_pathogenic	N	-
2_81	0000000646	0	non_pathogenic	Y	-
2_82	0000000647	0	non_pathogenic	N	-
2_83	0000000648	0	non_pathogenic	N	-
2_84	0000000649	0	non_pathogenic	N	-
2_85	0000000650	0	non_pathogenic	N	-
2_86	0000000651	0	non_pathogenic	N	-
2_87	0000000652	0	non_pathogenic	N	-
2_88	0000000653	0	non_pathogenic	N	-
2_89	0000000654	0	non_pathogenic	N	-
2_90	0000000655	0	non_pathogenic	N	-
2_91	0000000656	0	non_pathogenic	N	-
2_92	0000000657	0	non_pathogenic	N	-
2_93	0000000658	0	non_pathogenic	N	-
2_94	0000000659	0	non_pathogenic	N	-
2_95	0000000660	0	non_pathogenic	N	-
2_96	0000000661	0	non_pathogenic	N	-
2_97	0000000662	0	non_pathogenic	N	-
2_98	0000000663	0	non_pathogenic	N	-
2_99	0000000664	0	non_pathogenic	N	-
2_100	0000000665	0	non_pathogenic	Y	-
2_101	0000000666	0	non_pathogenic	N	-
2_102	0000000667	0	non_pathogenic	Y	-
2_103	0000000668	0	non_pathogenic	N	-
2_104	0000000669	0	non_pathogenic	N	-
2_105	0000000670	0	non_pathogenic	N	-
2_106	0000000671	0	non_pathogenic	N	-
2_107	0000000672	0	non_pathogenic	Y	-
2_108	0000000673	0	non_pathogenic	N	-
2_109	0000000674	0	non_pathogenic	N	-
2_110	0000000675	0	non_pathogenic	N	-
2_111	0000000676	0	non_pathogenic	N	-
2_112	0000000677	0	non_pathogenic	N	-
2_113	0000000678	0	non_pathogenic	N	-
2_114	0000000679	0	non_pathogenic	N	-
2_115	0000000680	0	non_pathogenic	N	-
2_116	0000000681	0	non_pathogenic	N	-
2_117	0000000682	0	non_pathogenic	N	-
2_118	0000000683	0	non_pathogenic	N	-
2_119	0000000684	0	non_pathogenic	N	-
2_120	0000000685	0	non_pathogenic	N	-
2_121	0000000686	0	non_pathogenic	N	-
2_122	0000000687	0	non_pathogenic	N	-
2_123	0000000688	0	non_pathogenic	N	-
2_124	0000000689	0	non_pathogenic	N	-
2_125	0000000690	0	non_pathogenic	N	-
2_126	0000000691	0	non_pathogenic	Y	-
2_127	0000000692	0	non_pathogenic	N	-
2_128	0000000693	0	non_pathogenic	N	-
2_129	0000000694	0	non_pathogenic	N	-
2_130	0000000695	0	non_pathogenic	N	-
2_131	0000000696	0	non_pathogenic	N	-
2_132	0000000697	0	non_pathogenic	N	-
2_133	0000000698	0	non_pathogenic	N	-
2_134	0000000699	0	non_pathogenic	N	-
2_135	0000000700	0	non_pathogenic	N	-
2_136	0000000701	0	non_pathogenic	N	-
2_137	0000000702	0	non_pathogenic	N	-
2_138	0000000703	0	non_pathogenic	N	-
2_139	0000000704	0	non_pathogenic	Y	-
2_140	0000000705	0	non_pathogenic	N	-
2_141	0000000706	0	non_pathogenic	N	-
2_142	0000000707	0	non_pathogenic	N	-
2_143	0000000708	0	non_pathogenic	N	-
2_144	0000000709	0	non_pathogenic	Y	-
2_145	0000000710	0	non_pathogenic	N	-
2_146	0000000711	0	non_pathogenic	N	-
2_147	0000000712	0	non_pathogenic	N	-
2_148	0000000713	0	non_pathogenic	N	-
2_149	0000000714	0	non_pathogenic	N	-
2_150	0000000715	0	non_pathogenic	N	-
2_151	0000000716	0	non_pathogenic	N	-
2_152	0000000717	0	non_pathogenic	N	-
2_153	0000000718	0	non_pathogenic	N	-
2_154	0000000719	0	non_pathogenic	N	-
2_155	0000000720	0	non_pathogenic	N	-
2_156	0000000721	0	non_pathogenic	N	-
2_157	0000000722	0	non_pathogenic	N	-
2_158	0000000723	0	non_pathogenic	N	-
2_159	0000000724	0	non_pathogenic	N	-
2_160	0000000725	0	non_pathogenic	N	-
2_161	0000000726	0	non_pathogenic	Y	-
2_162	0000000727	0	non_pathogenic	N	-
2_163	0000000728	0	non_pathogenic	N	-
2_164	0000000729	0	non_pathogenic	N	-
2_165	0000000730	0	non_pathogenic	N	-
2_166	0000000731	0	non_pathogenic	N	-
2_167	0000000732	0	non_pathogenic	N	-
2_168	0000000733	0	non_pathogenic	N	-
2_169	0000000734	0	non_pathogenic	N	-
2_170	0000000735	0	non_pathogenic	N	-
2_171	0000000736	0	non_pathogenic	N	-
2_172	0000000737	0	non_pathogenic	Y	-
2_173	0000000738	0	non_pathogenic	N	-
2_174	0000000739	0	non_pathogenic	N	-
2_175	0000000740	0	non_pathogenic	N	-
2_176	0000000741	0	non_pathogenic	N	-
2_177	0000000742	0	non_pathogenic	N	-
2_178	0000000743	0	non_pathogenic	N	-
2_179	0000000744	0	non_pathogenic	N	-
2_180	0000000745	0	non_pathogenic	Y	-
2_181	0000000746	0	non_pathogenic	N	-
2_182	0000000747	0	non_pathogenic	N	-
2_183	0000000748	0	non_pathogenic	N	-
2_184	0000000749	0	non_pathogenic	N	-
2_185	0000000750	0	non_pathogenic	N	-
2_186	0000000751	0	non_pathogenic	N	-
2_187	0000000752	0	non_pathogenic	N	-
2_188	0000000753	0	non_pathogenic	N	-
2_189	0000000754	0	non_pathogenic	N	-
2_190	0000000755	0	non_pathogenic	N	-
2_191	0000000756	0	non_pathogenic	N	-
2_192	0000000757	0	non_pathogenic	N	-
2_193	0000000758	0	non_pathogenic	N	-
2_194	0000000759	0	non_pathogenic	N	-
2_195	0000000760	0	non_pathogenic	N	-
2_196	0000000761	0	non_pathogenic	N	-
2_197	0000000762	0	non_pathogenic	N	-
2_198	0000000763	0	non_pathogenic	Y	-
2_199	0000000764	0	non_pathogenic	N	-
2_200	0000000765	0	non_pathogenic	N	-
2_201	0000000766	0	non_pathogenic	N	-
2_202	0000000767	0	non_pathogenic	N	-
2_203	0000000768	0	non_pathogenic	N	-
2_204	0000000769	0	non_pathogenic	N	-
2_205	0000000770	0	non_pathogenic	N	-
2_206	0000000771	0	non_pathogenic	N	-
2_207	0000000772	0	non_pathogenic	N	-
2_208	0000000773	0	non_pathogenic	N	-
2_209	0000000774	0	non_pathogenic	N	-
2_210	0000000775	0	non_pathogenic	N	-
2_211	0000000776	0	non_pathogenic	N	-
2_212	0000000777	0	non_pathogenic	N	-
2_213	0000000778	0	non_pathogenic	N	-
2_214	0000000779	0	non_pathogenic	N	-
2_215	0000000780	0	non_pathogenic	N	-
2_216	0000000781	0	non_pathogenic	N	-
2_217	0000000782	0	non_pathogenic	N	-
2_218	0000000783	0	non_pathogenic	N	-
2_219	0000000784	0	non_pathogenic	N	-
2_220	0000000785	0	non_pathogenic	N	-
2_221	0000000786	0	non_pathogenic	N	-
2_222	0000000787	0	non_pathogenic	N	-
2_223	0000000788	0	non_pathogenic	N	-
2_224	0000000789	0	non_pathogenic	N	-
2_225	0000000790	0	non_pathogenic	N	-
2_226	0000000791	0	non_pathogenic	N	-
2_227	0000000792	0	non_pathogenic	N	-
2_228	0000000793	0	non_pathogenic	N	-
2_229	0000000794	0	non_pathogenic	N	-
2_230	0000000795	0	non_pathogenic	N	-
2_231	0000000796	0	non_pathogenic	N	-
2_232	0000000797	0	non_pathogenic	N	-
2_233	0000000798	0	non_pathogenic	N	-
2_234	0000000799	0	non_pathogenic	N	-
2_235	0000000800	0	non_pathogenic	N	-
2_236	0000000801	0	non_pathogenic	N	-
2_237	0000000802	0	non_pathogenic	N	-
2_238	0000000803	0	non_pathogenic	N	-
2_239	0000000804	0	non_pathogenic	N	-
2_240	0000000805	0	non_pathogenic	N	-
2_241	0000000806	0	non_pathogenic	Y	-
2_242	0000000807	0	non_pathogenic	Y	-
2_243	0000000808	0	non_pathogenic	Y	-
2_244	0000000809	0	non_pathogenic	N	-
2_245	0000000810	0	non_pathogenic	N	-
2_246	0000000811	0	non_pathogenic	N	-
2_247	0000000812	0	non_pathogenic	N	-
2_248	0000000813	0	non_pathogenic	N	-
2_249	0000000814	0	non_pathogenic	N	-
2_250	0000000815	0	non_pathogenic	N	-
2_251	0000000816	0	non_pathogenic	N	-
2_252	0000000817	0	non_pathogenic	N	-
2_253	0000000818	0	non_pathogenic	N	-
2_254	0000000819	0	non_pathogenic	Y	-
2_255	0000000820	1	pathogenic	Y	1: Secreted Toxin
2_256	0000000821	0	non_pathogenic	Y	-
2_257	0000000822	0	non_pathogenic	N	-
2_258	0000000823	0	non_pathogenic	N	-
2_259	0000000824	0	non_pathogenic	N	-
2_260	0000000825	0	non_pathogenic	N	-
2_261	0000000826	0	non_pathogenic	N	-
2_262	0000000827	0	non_pathogenic	Y	-
2_263	0000000828	0	non_pathogenic	N	-
2_264	0000000829	0	non_pathogenic	N	-
2_265	0000000830	0	non_pathogenic	N	-
2_266	0000000831	0	non_pathogenic	Y	-
2_267	0000000832	0	non_pathogenic	N	-
2_268	0000000833	0	non_pathogenic	Y	-
2_269	0000000834	0	non_pathogenic	Y	-
2_270	0000000835	0	non_pathogenic	Y	-
2_271	0000000836	0	non_pathogenic	N	-
2_272	0000000837	0	non_pathogenic	N	-
2_273	0000000838	0	non_pathogenic	Y	-
2_274	0000000839	1	pathogenic	N	2: Non-secreted Toxin
2_275	0000000840	0	non_pathogenic	N	-
2_276	0000000841	0	non_pathogenic	N	-
2_277	0000000842	0	non_pathogenic	N	-
2_278	0000000843	0	non_pathogenic	N	-
2_279	0000000844	0	non_pathogenic	N	-
2_280	0000000845	0	non_pathogenic	N	-
2_281	0000000846	0	non_pathogenic	N	-
2_282	0000000847	0	non_pathogenic	N	-
2_283	0000000848	0	non_pathogenic	N	-
2_284	0000000849	0	non_pathogenic	Y	-
2_285	0000000850	0	non_pathogenic	Y	-
2_286	0000000851	0	non_pathogenic	N	-
2_287	0000000852	0	non_pathogenic	N	-
2_288	0000000853	0	non_pathogenic	N	-
2_289	0000000854	0	non_pathogenic	N	-
2_290	0000000855	0	non_pathogenic	N	-
2_291	0000000856	0	non_pathogenic	N	-
2_292	0000000857	0	non_pathogenic	N	-
2_293	0000000858	0	non_pathogenic	N	-
2_294	0000000859	0	non_pathogenic	N	-
2_295	0000000860	0	non_pathogenic	N	-
2_296	0000000861	0	non_pathogenic	N	-
2_297	0000000862	0	non_pathogenic	N	-
2_298	0000000863	0	non_pathogenic	Y	-
2_299	0000000864	0	non_pathogenic	N	-
2_300	0000000865	0	non_pathogenic	N	-
2_301	0000000866	0	non_pathogenic	N	-
2_302	0000000867	0	non_pathogenic	N	-
2_303	0000000868	0	non_pathogenic	N	-
2_304	0000000869	0	non_pathogenic	N	-
2_305	0000000870	0	non_pathogenic	N	-
2_306	0000000871	0	non_pathogenic	N	-
2_307	0000000872	0	non_pathogenic	N	-
2_308	0000000873	0	non_pathogenic	N	-
2_309	0000000874	0	non_pathogenic	N	-
2_310	0000000875	0	non_pathogenic	N	-
2_311	0000000876	0	non_pathogenic	N	-
2_312	0000000877	0	non_pathogenic	Y	-
2_313	0000000878	0	non_pathogenic	N	-
2_314	0000000879	0	non_pathogenic	N	-
2_315	0000000880	0	non_pathogenic	N	-
2_316	0000000881	0	non_pathogenic	N	-
2_317	0000000882	0	non_pathogenic	N	-
2_318	0000000883	0	non_pathogenic	N	-
2_319	0000000884	0	non_pathogenic	N	-
2_320	0000000885	0	non_pathogenic	N	-
2_321	0000000886	0	non_pathogenic	N	-
2_322	0000000887	0	non_pathogenic	N	-
2_323	0000000888	0	non_pathogenic	N	-
2_324	0000000889	0	non_pathogenic	N	-
2_325	0000000890	0	non_pathogenic	N	-
2_326	0000000891	0	non_pathogenic	N	-
2_327	0000000892	0	non_pathogenic	N	-
2_328	0000000893	0	non_pathogenic	N	-
2_329	0000000894	0	non_pathogenic	N	-
2_330	0000000895	0	non_pathogenic	N	-
2_331	0000000896	0	non_pathogenic	N	-
2_332	0000000897	0	non_pathogenic	N	-
2_333	0000000898	1	pathogenic	N	2: Non-secreted Toxin
2_334	0000000899	0	non_pathogenic	N	-
2_335	0000000900	0	non_pathogenic	N	-
2_336	0000000901	0	non_pathogenic	N	-
2_337	0000000902	0	non_pathogenic	N	-
2_338	0000000903	0	non_pathogenic	N	-
2_339	0000000904	0	non_pathogenic	N	-
2_340	0000000905	0	non_pathogenic	N	-
2_341	0000000906	0	non_pathogenic	N	-
2_342	0000000907	0	non_pathogenic	N	-
2_343	0000000908	0	non_pathogenic	Y	-
2_344	0000000909	0	non_pathogenic	N	-
2_345	0000000910	0	non_pathogenic	N	-
2_346	0000000911	0	non_pathogenic	N	-
2_347	0000000912	0	non_pathogenic	N	-
2_348	0000000913	0	non_pathogenic	N	-
2_349	0000000914	0	non_pathogenic	Y	-
2_350	0000000915	0	non_pathogenic	N	-
2_351	0000000916	0	non_pathogenic	N	-
2_352	0000000917	0	non_pathogenic	N	-
2_353	0000000918	0	non_pathogenic	N	-
2_354	0000000919	0	non_pathogenic	N	-
2_355	0000000920	0	non_pathogenic	N	-
2_356	0000000921	0	non_pathogenic	Y	-
2_357	0000000922	0	non_pathogenic	Y	-
2_358	0000000923	0	non_pathogenic	N	-
2_359	0000000924	0	non_pathogenic	N	-
2_360	0000000925	0	non_pathogenic	Y	-
2_361	0000000926	0	non_pathogenic	N	-
2_362	0000000927	0	non_pathogenic	N	-
2_363	0000000928	0	non_pathogenic	Y	-
2_364	0000000929	0	non_pathogenic	N	-
2_365	0000000930	0	non_pathogenic	N	-
2_366	0000000931	0	non_pathogenic	N	-
2_367	0000000932	0	non_pathogenic	N	-
2_368	0000000933	0	non_pathogenic	N	-
2_369	0000000934	0	non_pathogenic	N	-
2_370	0000000935	0	non_pathogenic	N	-
2_371	0000000936	0	non_pathogenic	N	-
2_372	0000000937	0	non_pathogenic	N	-
2_373	0000000938	0	non_pathogenic	N	-
2_374	0000000939	0	non_pathogenic	N	-
2_375	0000000940	0	non_pathogenic	N	-
2_376	0000000941	0	non_pathogenic	N	-
2_377	0000000942	0	non_pathogenic	N	-
2_378	0000000943	0	non_pathogenic	N	-
2_379	0000000944	0	non_pathogenic	N	-
2_380	0000000945	0	non_pathogenic	N	-
2_381	0000000946	0	non_pathogenic	N	-
2_382	0000000947	0	non_pathogenic	N	-
2_383	0000000948	0	non_pathogenic	N	-
2_384	0000000949	0	non_pathogenic	N	-
2_385	0000000950	0	non_pathogenic	N	-
2_386	0000000951	0	non_pathogenic	N	-
2_387	0000000952	0	non_pathogenic	N	-
2_388	0000000953	0	non_pathogenic	N	-
2_389	0000000954	0	non_pathogenic	N	-
2_390	0000000955	0	non_pathogenic	N	-
2_391	0000000956	0	non_pathogenic	N	-
2_392	0000000957	0	non_pathogenic	N	-
2_393	0000000958	0	non_pathogenic	N	-
2_394	0000000959	0	non_pathogenic	N	-
2_395	0000000960	0	non_pathogenic	N	-
2_396	0000000961	0	non_pathogenic	Y	-
2_397	0000000962	0	non_pathogenic	Y	-
2_398	0000000963	0	non_pathogenic	N	-
2_399	0000000964	0	non_pathogenic	N	-
2_400	0000000965	0	non_pathogenic	N	-
2_401	0000000966	0	non_pathogenic	N	-
2_402	0000000967	0	non_pathogenic	N	-
2_403	0000000968	0	non_pathogenic	N	-
2_404	0000000969	0	non_pathogenic	Y	-
2_405	0000000970	0	non_pathogenic	N	-
2_406	0000000971	0	non_pathogenic	N	-
2_407	0000000972	0	non_pathogenic	N	-
2_408	0000000973	0	non_pathogenic	Y	-
2_409	0000000974	0	non_pathogenic	N	-
2_410	0000000975	0	non_pathogenic	N	-
2_411	0000000976	0	non_pathogenic	Y	-
2_412	0000000977	0	non_pathogenic	Y	-
2_413	0000000978	0	non_pathogenic	N	-
2_414	0000000979	0	non_pathogenic	N	-
2_415	0000000980	0	non_pathogenic	N	-
2_416	0000000981	0	non_pathogenic	N	-
2_417	0000000982	0	non_pathogenic	Y	-
2_418	0000000983	0	non_pathogenic	N	-
2_419	0000000984	0	non_pathogenic	N	-
2_420	0000000985	0	non_pathogenic	N	-
2_421	0000000986	0	non_pathogenic	N	-
2_422	0000000987	0	non_pathogenic	N	-
2_423	0000000988	0	non_pathogenic	N	-
2_424	0000000989	0	non_pathogenic	N	-
2_425	0000000990	0	non_pathogenic	N	-
2_426	0000000991	0	non_pathogenic	N	-
2_427	0000000992	0	non_pathogenic	Y	-
2_428	0000000993	0	non_pathogenic	N	-
2_429	0000000994	0	non_pathogenic	N	-
2_430	0000000995	0	non_pathogenic	N	-
2_431	0000000996	0	non_pathogenic	N	-
2_432	0000000997	0	non_pathogenic	N	-
2_433	0000000998	0	non_pathogenic	N	-
2_434	0000000999	0	non_pathogenic	N	-
2_435	0000001000	0	non_pathogenic	N	-
2_436	0000001001	0	non_pathogenic	N	-
2_437	0000001002	0	non_pathogenic	N	-
2_438	0000001003	0	non_pathogenic	N	-
2_439	0000001004	0	non_pathogenic	N	-
2_440	0000001005	0	non_pathogenic	N	-
2_441	0000001006	0	non_pathogenic	N	-
2_442	0000001007	0	non_pathogenic	N	-
2_443	0000001008	0	non_pathogenic	N	-
2_444	0000001009	0	non_pathogenic	N	-
2_445	0000001010	0	non_pathogenic	N	-
2_446	0000001011	0	non_pathogenic	N	-
2_447	0000001012	0	non_pathogenic	N	-
2_448	0000001013	0	non_pathogenic	N	-
2_449	0000001014	0	non_pathogenic	N	-
2_450	0000001015	0	non_pathogenic	N	-
2_451	0000001016	0	non_pathogenic	N	-
2_452	0000001017	0	non_pathogenic	N	-
2_453	0000001018	0	non_pathogenic	N	-
2_454	0000001019	0	non_pathogenic	N	-
2_455	0000001020	0	non_pathogenic	N	-
2_456	0000001021	0	non_pathogenic	N	-
2_457	0000001022	0	non_pathogenic	N	-
2_458	0000001023	0	non_pathogenic	N	-
2_459	0000001024	0	non_pathogenic	N	-
2_460	0000001025	0	non_pathogenic	N	-
2_461	0000001026	0	non_pathogenic	N	-
2_462	0000001027	0	non_pathogenic	N	-
2_463	0000001028	0	non_pathogenic	N	-
2_464	0000001029	0	non_pathogenic	N	-
2_465	0000001030	0	non_pathogenic	Y	-
2_466	0000001031	0	non_pathogenic	N	-
2_467	0000001032	0	non_pathogenic	N	-
2_468	0000001033	0	non_pathogenic	N	-
2_469	0000001034	0	non_pathogenic	N	-
2_470	0000001035	0	non_pathogenic	N	-
2_471	0000001036	0	non_pathogenic	N	-
2_472	0000001037	0	non_pathogenic	N	-
2_473	0000001038	0	non_pathogenic	N	-
2_474	0000001039	0	non_pathogenic	N	-
2_475	0000001040	0	non_pathogenic	Y	-
2_476	0000001041	0	non_pathogenic	N	-
2_477	0000001042	0	non_pathogenic	N	-
2_478	0000001043	0	non_pathogenic	Y	-
2_479	0000001044	0	non_pathogenic	N	-
2_480	0000001045	0	non_pathogenic	N	-
2_481	0000001046	0	non_pathogenic	N	-
2_482	0000001047	0	non_pathogenic	Y	-
2_483	0000001048	0	non_pathogenic	N	-
2_484	0000001049	0	non_pathogenic	N	-
2_485	0000001050	0	non_pathogenic	N	-
2_486	0000001051	0	non_pathogenic	N	-
2_487	0000001052	0	non_pathogenic	N	-
2_488	0000001053	0	non_pathogenic	N	-
2_489	0000001054	0	non_pathogenic	N	-
2_490	0000001055	0	non_pathogenic	N	-
2_491	0000001056	0	non_pathogenic	N	-
2_492	0000001057	0	non_pathogenic	Y	-
2_493	0000001058	0	non_pathogenic	N	-
2_494	0000001059	0	non_pathogenic	N	-
2_495	0000001060	0	non_pathogenic	N	-
2_496	0000001061	0	non_pathogenic	N	-
2_497	0000001062	0	non_pathogenic	N	-
2_498	0000001063	0	non_pathogenic	N	-
2_499	0000001064	0	non_pathogenic	N	-
2_500	0000001065	0	non_pathogenic	Y	-
2_501	0000001066	0	non_pathogenic	Y	-
2_502	0000001067	0	non_pathogenic	N	-
2_503	0000001068	0	non_pathogenic	Y	-
2_504	0000001069	0	non_pathogenic	Y	-
2_505	0000001070	0	non_pathogenic	Y	-
2_506	0000001071	0	non_pathogenic	N	-
2_507	0000001072	0	non_pathogenic	N	-
2_508	0000001073	0	non_pathogenic	N	-
2_509	0000001074	0	non_pathogenic	N	-
2_510	0000001075	0	non_pathogenic	N	-
2_511	0000001076	0	non_pathogenic	Y	-
2_512	0000001077	0	non_pathogenic	Y	-
2_513	0000001078	0	non_pathogenic	N	-
2_514	0000001079	0	non_pathogenic	N	-
2_515	0000001080	0	non_pathogenic	N	-
2_516	0000001081	0	non_pathogenic	N	-
2_517	0000001082	0	non_pathogenic	N	-
2_518	0000001083	0	non_pathogenic	N	-
2_519	0000001084	0	non_pathogenic	N	-
2_520	0000001085	0	non_pathogenic	N	-
2_521	0000001086	0	non_pathogenic	N	-
2_522	0000001087	0	non_pathogenic	N	-
2_523	0000001088	0	non_pathogenic	N	-
2_524	0000001089	0	non_pathogenic	N	-
2_525	0000001090	0	non_pathogenic	N	-
2_526	0000001091	0	non_pathogenic	N	-
2_527	0000001092	0	non_pathogenic	N	-
2_528	0000001093	0	non_pathogenic	N	-
2_529	0000001094	0	non_pathogenic	N	-
2_530	0000001095	0	non_pathogenic	N	-
2_531	0000001096	0	non_pathogenic	N	-
2_532	0000001097	0	non_pathogenic	N	-
2_533	0000001098	0	non_pathogenic	N	-
2_534	0000001099	0	non_pathogenic	N	-
2_535	0000001100	0	non_pathogenic	N	-
2_536	0000001101	0	non_pathogenic	N	-
2_537	0000001102	0	non_pathogenic	Y	-
2_538	0000001103	0	non_pathogenic	N	-
2_539	0000001104	0	non_pathogenic	N	-
2_540	0000001105	0	non_pathogenic	N	-
2_541	0000001106	0	non_pathogenic	N	-
2_542	0000001107	0	non_pathogenic	N	-
2_543	0000001108	0	non_pathogenic	N	-
2_544	0000001109	0	non_pathogenic	N	-
2_545	0000001110	0	non_pathogenic	N	-
2_546	0000001111	0	non_pathogenic	N	-
2_547	0000001112	0	non_pathogenic	N	-
2_548	0000001113	0	non_pathogenic	N	-
3_1	0000001114	0	non_pathogenic	N	-
3_2	0000001115	0	non_pathogenic	N	-
3_3	0000001116	0	non_pathogenic	N	-
3_4	0000001117	0	non_pathogenic	N	-
3_5	0000001118	0	non_pathogenic	N	-
3_6	0000001119	0	non_pathogenic	N	-
3_7	0000001120	0	non_pathogenic	N	-
3_8	0000001121	0	non_pathogenic	N	-
3_9	0000001122	0	non_pathogenic	N	-
3_10	0000001123	0	non_pathogenic	N	-
3_11	0000001124	0	non_pathogenic	N	-
3_12	0000001125	0	non_pathogenic	Y	-
3_13	0000001126	0	non_pathogenic	Y	-
3_14	0000001127	0	non_pathogenic	Y	-
3_15	0000001128	1	pathogenic	N	2: Non-secreted Toxin
3_16	0000001129	0	non_pathogenic	Y	-
3_17	0000001130	0	non_pathogenic	N	-
3_18	0000001131	0	non_pathogenic	N	-
3_19	0000001132	0	non_pathogenic	N	-
3_20	0000001133	0	non_pathogenic	N	-
3_21	0000001134	0	non_pathogenic	N	-
3_22	0000001135	0	non_pathogenic	N	-
3_23	0000001136	0	non_pathogenic	N	-
3_24	0000001137	0	non_pathogenic	Y	-
3_25	0000001138	0	non_pathogenic	N	-
3_26	0000001139	0	non_pathogenic	N	-
3_27	0000001140	0	non_pathogenic	N	-
3_28	0000001141	0	non_pathogenic	N	-
3_29	0000001142	0	non_pathogenic	N	-
3_30	0000001143	0	non_pathogenic	N	-
3_31	0000001144	0	non_pathogenic	N	-
3_32	0000001145	0	non_pathogenic	N	-
3_33	0000001146	0	non_pathogenic	N	-
3_34	0000001147	0	non_pathogenic	N	-
3_35	0000001148	0	non_pathogenic	N	-
3_36	0000001149	0	non_pathogenic	N	-
3_37	0000001150	0	non_pathogenic	N	-
3_38	0000001151	0	non_pathogenic	N	-
3_39	0000001152	0	non_pathogenic	N	-
3_40	0000001153	0	non_pathogenic	N	-
3_41	0000001154	0	non_pathogenic	N	-
3_42	0000001155	0	non_pathogenic	N	-
3_43	0000001156	0	non_pathogenic	N	-
3_44	0000001157	0	non_pathogenic	N	-
3_45	0000001158	0	non_pathogenic	N	-
3_46	0000001159	0	non_pathogenic	Y	-
3_47	0000001160	0	non_pathogenic	N	-
3_48	0000001161	0	non_pathogenic	N	-
3_49	0000001162	0	non_pathogenic	N	-
3_50	0000001163	0	non_pathogenic	N	-
3_51	0000001164	0	non_pathogenic	Y	-
3_52	0000001165	0	non_pathogenic	N	-
3_53	0000001166	0	non_pathogenic	N	-
3_54	0000001167	1	pathogenic	Y	1: Secreted Toxin
3_55	0000001168	0	non_pathogenic	N	-
3_56	0000001169	0	non_pathogenic	N	-
3_57	0000001170	0	non_pathogenic	N	-
3_58	0000001171	0	non_pathogenic	N	-
3_59	0000001172	0	non_pathogenic	N	-
3_60	0000001173	0	non_pathogenic	N	-
3_61	0000001174	0	non_pathogenic	N	-
3_62	0000001175	0	non_pathogenic	N	-
3_63	0000001176	0	non_pathogenic	N	-
3_64	0000001177	0	non_pathogenic	N	-
3_65	0000001178	0	non_pathogenic	N	-
3_66	0000001179	0	non_pathogenic	N	-
3_67	0000001180	0	non_pathogenic	N	-
3_68	0000001181	0	non_pathogenic	N	-
3_69	0000001182	0	non_pathogenic	N	-
3_70	0000001183	0	non_pathogenic	N	-
3_71	0000001184	0	non_pathogenic	N	-
3_72	0000001185	0	non_pathogenic	N	-
3_73	0000001186	0	non_pathogenic	N	-
3_74	0000001187	0	non_pathogenic	Y	-
3_75	0000001188	0	non_pathogenic	N	-
3_76	0000001189	0	non_pathogenic	Y	-
3_77	0000001190	0	non_pathogenic	N	-
3_78	0000001191	0	non_pathogenic	N	-
3_79	0000001192	0	non_pathogenic	N	-
3_80	0000001193	0	non_pathogenic	N	-
3_81	0000001194	0	non_pathogenic	N	-
3_82	0000001195	0	non_pathogenic	N	-
3_83	0000001196	0	non_pathogenic	Y	-
3_84	0000001197	0	non_pathogenic	N	-
3_85	0000001198	0	non_pathogenic	N	-
3_86	0000001199	0	non_pathogenic	N	-
3_87	0000001200	0	non_pathogenic	N	-
3_88	0000001201	0	non_pathogenic	N	-
3_89	0000001202	0	non_pathogenic	N	-
3_90	0000001203	0	non_pathogenic	N	-
3_91	0000001204	0	non_pathogenic	N	-
3_92	0000001205	0	non_pathogenic	N	-
3_93	0000001206	0	non_pathogenic	N	-
3_94	0000001207	0	non_pathogenic	N	-
3_95	0000001208	0	non_pathogenic	N	-
3_96	0000001209	0	non_pathogenic	N	-
3_97	0000001210	0	non_pathogenic	N	-
3_98	0000001211	0	non_pathogenic	N	-
3_99	0000001212	0	non_pathogenic	N	-
3_100	0000001213	1	pathogenic	N	2: Non-secreted Toxin
3_101	0000001214	0	non_pathogenic	Y	-
3_102	0000001215	0	non_pathogenic	N	-
3_103	0000001216	0	non_pathogenic	Y	-
3_104	0000001217	0	non_pathogenic	N	-
3_105	0000001218	0	non_pathogenic	N	-
3_106	0000001219	0	non_pathogenic	N	-
3_107	0000001220	0	non_pathogenic	N	-
3_108	0000001221	0	non_pathogenic	N	-
3_109	0000001222	0	non_pathogenic	N	-
3_110	0000001223	0	non_pathogenic	N	-
3_111	0000001224	0	non_pathogenic	N	-
3_112	0000001225	0	non_pathogenic	Y	-
3_113	0000001226	0	non_pathogenic	N	-
3_114	0000001227	0	non_pathogenic	Y	-
3_115	0000001228	0	non_pathogenic	N	-
3_116	0000001229	0	non_pathogenic	N	-
3_117	0000001230	0	non_pathogenic	N	-
3_118	0000001231	0	non_pathogenic	N	-
3_119	0000001232	0	non_pathogenic	N	-
3_120	0000001233	0	non_pathogenic	N	-
3_121	0000001234	0	non_pathogenic	N	-
3_122	0000001235	0	non_pathogenic	N	-
3_123	0000001236	0	non_pathogenic	N	-
3_124	0000001237	0	non_pathogenic	N	-
3_125	0000001238	0	non_pathogenic	N	-
3_126	0000001239	0	non_pathogenic	N	-
3_127	0000001240	0	non_pathogenic	N	-
3_128	0000001241	0	non_pathogenic	N	-
3_129	0000001242	0	non_pathogenic	Y	-
3_130	0000001243	0	non_pathogenic	N	-
3_131	0000001244	0	non_pathogenic	N	-
3_132	0000001245	0	non_pathogenic	N	-
3_133	0000001246	0	non_pathogenic	N	-
3_134	0000001247	0	non_pathogenic	N	-
3_135	0000001248	0	non_pathogenic	N	-
3_136	0000001249	0	non_pathogenic	N	-
3_137	0000001250	0	non_pathogenic	Y	-
3_138	0000001251	0	non_pathogenic	N	-
3_139	0000001252	0	non_pathogenic	Y	-
3_140	0000001253	0	non_pathogenic	N	-
3_141	0000001254	0	non_pathogenic	N	-
3_142	0000001255	0	non_pathogenic	N	-
3_143	0000001256	0	non_pathogenic	N	-
3_144	0000001257	0	non_pathogenic	Y	-
3_145	0000001258	0	non_pathogenic	N	-
3_146	0000001259	0	non_pathogenic	N	-
3_147	0000001260	0	non_pathogenic	N	-
3_148	0000001261	0	non_pathogenic	N	-
3_149	0000001262	0	non_pathogenic	N	-
3_150	0000001263	0	non_pathogenic	N	-
3_151	0000001264	2	pathogenic	N	2: Non-secreted Toxin
3_152	0000001265	0	non_pathogenic	N	-
3_153	0000001266	0	non_pathogenic	Y	-
3_154	0000001267	0	non_pathogenic	Y	-
3_155	0000001268	0	non_pathogenic	Y	-
3_156	0000001269	0	non_pathogenic	N	-
3_157	0000001270	0	non_pathogenic	N	-
3_158	0000001271	0	non_pathogenic	N	-
3_159	0000001272	0	non_pathogenic	N	-
3_160	0000001273	0	non_pathogenic	N	-
3_161	0000001274	0	non_pathogenic	N	-
3_162	0000001275	0	non_pathogenic	Y	-
3_163	0000001276	0	non_pathogenic	Y	-
3_164	0000001277	0	non_pathogenic	N	-
3_165	0000001278	0	non_pathogenic	N	-
3_166	0000001279	0	non_pathogenic	N	-
3_167	0000001280	0	non_pathogenic	N	-
3_168	0000001281	0	non_pathogenic	N	-
3_169	0000001282	0	non_pathogenic	N	-
3_170	0000001283	0	non_pathogenic	N	-
3_171	0000001284	0	non_pathogenic	N	-
3_172	0000001285	0	non_pathogenic	N	-
3_173	0000001286	0	non_pathogenic	Y	-
3_174	0000001287	0	non_pathogenic	Y	-
3_175	0000001288	0	non_pathogenic	N	-
3_176	0000001289	0	non_pathogenic	N	-
3_177	0000001290	0	non_pathogenic	N	-
3_178	0000001291	0	non_pathogenic	N	-
3_179	0000001292	0	non_pathogenic	N	-
3_180	0000001293	0	non_pathogenic	Y	-
3_181	0000001294	0	non_pathogenic	N	-
3_182	0000001295	0	non_pathogenic	Y	-
3_183	0000001296	0	non_pathogenic	N	-
3_184	0000001297	0	non_pathogenic	N	-
3_185	0000001298	0	non_pathogenic	N	-
3_186	0000001299	0	non_pathogenic	N	-
3_187	0000001300	0	non_pathogenic	N	-
3_188	0000001301	0	non_pathogenic	N	-
3_189	0000001302	0	non_pathogenic	N	-
3_190	0000001303	0	non_pathogenic	N	-
3_191	0000001304	0	non_pathogenic	N	-
3_192	0000001305	0	non_pathogenic	N	-
3_193	0000001306	0	non_pathogenic	N	-
3_194	0000001307	0	non_pathogenic	N	-
3_195	0000001308	0	non_pathogenic	N	-
3_196	0000001309	0	non_pathogenic	N	-
3_197	0000001310	0	non_pathogenic	N	-
3_198	0000001311	0	non_pathogenic	Y	-
3_199	0000001312	0	non_pathogenic	Y	-
3_200	0000001313	0	non_pathogenic	N	-
3_201	0000001314	0	non_pathogenic	N	-
3_202	0000001315	0	non_pathogenic	N	-
3_203	0000001316	0	non_pathogenic	N	-
3_204	0000001317	0	non_pathogenic	N	-
3_205	0000001318	0	non_pathogenic	N	-
3_206	0000001319	0	non_pathogenic	N	-
3_207	0000001320	0	non_pathogenic	N	-
3_208	0000001321	0	non_pathogenic	N	-
3_209	0000001322	0	non_pathogenic	N	-
3_210	0000001323	0	non_pathogenic	N	-
3_211	0000001324	0	non_pathogenic	N	-
3_212	0000001325	0	non_pathogenic	N	-
3_213	0000001326	0	non_pathogenic	N	-
3_214	0000001327	0	non_pathogenic	Y	-
3_215	0000001328	0	non_pathogenic	N	-
3_216	0000001329	0	non_pathogenic	N	-
3_217	0000001330	0	non_pathogenic	N	-
3_218	0000001331	0	non_pathogenic	Y	-
3_219	0000001332	0	non_pathogenic	N	-
3_220	0000001333	0	non_pathogenic	N	-
3_221	0000001334	0	non_pathogenic	N	-
3_222	0000001335	0	non_pathogenic	Y	-
3_223	0000001336	0	non_pathogenic	N	-
3_224	0000001337	0	non_pathogenic	N	-
3_225	0000001338	0	non_pathogenic	N	-
3_226	0000001339	0	non_pathogenic	N	-
3_227	0000001340	0	non_pathogenic	N	-
3_228	0000001341	0	non_pathogenic	N	-
3_229	0000001342	0	non_pathogenic	N	-
3_230	0000001343	0	non_pathogenic	N	-
3_231	0000001344	0	non_pathogenic	N	-
3_232	0000001345	0	non_pathogenic	N	-
3_233	0000001346	0	non_pathogenic	N	-
3_234	0000001347	0	non_pathogenic	N	-
3_235	0000001348	0	non_pathogenic	N	-
3_236	0000001349	0	non_pathogenic	N	-
3_237	0000001350	0	non_pathogenic	N	-
3_238	0000001351	0	non_pathogenic	N	-
3_239	0000001352	0	non_pathogenic	N	-
3_240	0000001353	0	non_pathogenic	Y	-
3_241	0000001354	0	non_pathogenic	N	-
3_242	0000001355	0	non_pathogenic	N	-
3_243	0000001356	0	non_pathogenic	N	-
3_244	0000001357	0	non_pathogenic	N	-
3_245	0000001358	0	non_pathogenic	N	-
3_246	0000001359	0	non_pathogenic	N	-
3_247	0000001360	0	non_pathogenic	N	-
3_248	0000001361	0	non_pathogenic	N	-
3_249	0000001362	0	non_pathogenic	Y	-
3_250	0000001363	0	non_pathogenic	N	-
3_251	0000001364	0	non_pathogenic	N	-
3_252	0000001365	0	non_pathogenic	N	-
3_253	0000001366	0	non_pathogenic	N	-
3_254	0000001367	0	non_pathogenic	N	-
3_255	0000001368	0	non_pathogenic	N	-
3_256	0000001369	0	non_pathogenic	Y	-
3_257	0000001370	0	non_pathogenic	N	-
3_258	0000001371	0	non_pathogenic	Y	-
3_259	0000001372	0	non_pathogenic	N	-
3_260	0000001373	0	non_pathogenic	N	-
3_261	0000001374	0	non_pathogenic	Y	-
3_262	0000001375	0	non_pathogenic	N	-
3_263	0000001376	0	non_pathogenic	N	-
3_264	0000001377	0	non_pathogenic	N	-
3_265	0000001378	0	non_pathogenic	N	-
3_266	0000001379	0	non_pathogenic	N	-
3_267	0000001380	0	non_pathogenic	N	-
3_268	0000001381	0	non_pathogenic	N	-
3_269	0000001382	0	non_pathogenic	N	-
3_270	0000001383	0	non_pathogenic	N	-
3_271	0000001384	0	non_pathogenic	Y	-
3_272	0000001385	0	non_pathogenic	N	-
3_273	0000001386	0	non_pathogenic	Y	-
3_274	0000001387	0	non_pathogenic	N	-
3_275	0000001388	0	non_pathogenic	N	-
3_276	0000001389	0	non_pathogenic	N	-
3_277	0000001390	0	non_pathogenic	N	-
3_278	0000001391	0	non_pathogenic	N	-
3_279	0000001392	0	non_pathogenic	N	-
3_280	0000001393	0	non_pathogenic	N	-
3_281	0000001394	0	non_pathogenic	N	-
3_282	0000001395	0	non_pathogenic	N	-
3_283	0000001396	0	non_pathogenic	Y	-
3_284	0000001397	0	non_pathogenic	N	-
3_285	0000001398	0	non_pathogenic	N	-
3_286	0000001399	0	non_pathogenic	Y	-
3_287	0000001400	0	non_pathogenic	Y	-
3_288	0000001401	0	non_pathogenic	Y	-
3_289	0000001402	0	non_pathogenic	N	-
3_290	0000001403	0	non_pathogenic	N	-
3_291	0000001404	0	non_pathogenic	N	-
3_292	0000001405	0	non_pathogenic	N	-
3_293	0000001406	0	non_pathogenic	N	-
3_294	0000001407	0	non_pathogenic	N	-
3_295	0000001408	0	non_pathogenic	N	-
3_296	0000001409	0	non_pathogenic	Y	-
3_297	0000001410	0	non_pathogenic	N	-
3_298	0000001411	0	non_pathogenic	N	-
3_299	0000001412	0	non_pathogenic	N	-
3_300	0000001413	0	non_pathogenic	N	-
3_301	0000001414	0	non_pathogenic	N	-
3_302	0000001415	0	non_pathogenic	Y	-
3_303	0000001416	0	non_pathogenic	N	-
3_304	0000001417	0	non_pathogenic	N	-
3_305	0000001418	0	non_pathogenic	N	-
3_306	0000001419	0	non_pathogenic	N	-
3_307	0000001420	0	non_pathogenic	N	-
3_308	0000001421	0	non_pathogenic	N	-
3_309	0000001422	0	non_pathogenic	N	-
3_310	0000001423	1	pathogenic	N	2: Non-secreted Toxin
3_311	0000001424	0	non_pathogenic	N	-
3_312	0000001425	0	non_pathogenic	Y	-
3_313	0000001426	0	non_pathogenic	N	-
3_314	0000001427	0	non_pathogenic	Y	-
3_315	0000001428	0	non_pathogenic	N	-
3_316	0000001429	0	non_pathogenic	N	-
3_317	0000001430	0	non_pathogenic	N	-
3_318	0000001431	0	non_pathogenic	N	-
3_319	0000001432	0	non_pathogenic	N	-
3_320	0000001433	0	non_pathogenic	N	-
3_321	0000001434	0	non_pathogenic	Y	-
3_322	0000001435	0	non_pathogenic	N	-
3_323	0000001436	0	non_pathogenic	N	-
3_324	0000001437	0	non_pathogenic	N	-
3_325	0000001438	0	non_pathogenic	N	-
3_326	0000001439	0	non_pathogenic	N	-
3_327	0000001440	0	non_pathogenic	N	-
3_328	0000001441	0	non_pathogenic	N	-
3_329	0000001442	0	non_pathogenic	N	-
3_330	0000001443	0	non_pathogenic	N	-
3_331	0000001444	0	non_pathogenic	N	-
3_332	0000001445	0	non_pathogenic	N	-
3_333	0000001446	0	non_pathogenic	N	-
3_334	0000001447	0	non_pathogenic	N	-
3_335	0000001448	0	non_pathogenic	N	-
3_336	0000001449	0	non_pathogenic	N	-
3_337	0000001450	0	non_pathogenic	N	-
3_338	0000001451	0	non_pathogenic	N	-
3_339	0000001452	0	non_pathogenic	N	-
3_340	0000001453	0	non_pathogenic	N	-
3_341	0000001454	0	non_pathogenic	N	-
3_342	0000001455	1	pathogenic	N	2: Non-secreted Toxin
3_343	0000001456	0	non_pathogenic	N	-
3_344	0000001457	0	non_pathogenic	Y	-
3_345	0000001458	0	non_pathogenic	N	-
3_346	0000001459	0	non_pathogenic	N	-
3_347	0000001460	0	non_pathogenic	N	-
3_348	0000001461	0	non_pathogenic	N	-
3_349	0000001462	0	non_pathogenic	Y	-
3_350	0000001463	0	non_pathogenic	N	-
3_351	0000001464	0	non_pathogenic	N	-
3_352	0000001465	0	non_pathogenic	N	-
3_353	0000001466	0	non_pathogenic	N	-
3_354	0000001467	0	non_pathogenic	N	-
3_355	0000001468	0	non_pathogenic	N	-
3_356	0000001469	0	non_pathogenic	N	-
3_357	0000001470	0	non_pathogenic	N	-
3_358	0000001471	0	non_pathogenic	Y	-
3_359	0000001472	0	non_pathogenic	N	-
3_360	0000001473	0	non_pathogenic	N	-
3_361	0000001474	0	non_pathogenic	N	-
3_362	0000001475	0	non_pathogenic	N	-
3_363	0000001476	0	non_pathogenic	N	-
3_364	0000001477	0	non_pathogenic	N	-
3_365	0000001478	0	non_pathogenic	N	-
3_366	0000001479	0	non_pathogenic	N	-
3_367	0000001480	0	non_pathogenic	N	-
3_368	0000001481	0	non_pathogenic	N	-
3_369	0000001482	0	non_pathogenic	N	-
3_370	0000001483	0	non_pathogenic	N	-
3_371	0000001484	0	non_pathogenic	N	-
3_372	0000001485	0	non_pathogenic	N	-
3_373	0000001486	0	non_pathogenic	N	-
3_374	0000001487	0	non_pathogenic	N	-
3_375	0000001488	0	non_pathogenic	N	-
3_376	0000001489	0	non_pathogenic	Y	-
3_377	0000001490	0	non_pathogenic	N	-
3_378	0000001491	0	non_pathogenic	N	-
3_379	0000001492	0	non_pathogenic	Y	-
3_380	0000001493	0	non_pathogenic	N	-
3_381	0000001494	0	non_pathogenic	N	-
3_382	0000001495	0	non_pathogenic	N	-
3_383	0000001496	0	non_pathogenic	N	-
3_384	0000001497	0	non_pathogenic	Y	-
3_385	0000001498	0	non_pathogenic	Y	-
3_386	0000001499	0	non_pathogenic	Y	-
3_387	0000001500	0	non_pathogenic	Y	-
3_388	0000001501	0	non_pathogenic	Y	-
3_389	0000001502	0	non_pathogenic	N	-
3_390	0000001503	0	non_pathogenic	N	-
3_391	0000001504	0	non_pathogenic	N	-
3_392	0000001505	0	non_pathogenic	N	-
3_393	0000001506	0	non_pathogenic	N	-
3_394	0000001507	0	non_pathogenic	N	-
3_395	0000001508	0	non_pathogenic	N	-
3_396	0000001509	0	non_pathogenic	Y	-
3_397	0000001510	0	non_pathogenic	N	-
3_398	0000001511	0	non_pathogenic	N	-
3_399	0000001512	0	non_pathogenic	N	-
3_400	0000001513	0	non_pathogenic	N	-
3_401	0000001514	0	non_pathogenic	N	-
3_402	0000001515	0	non_pathogenic	N	-
3_403	0000001516	0	non_pathogenic	N	-
3_404	0000001517	0	non_pathogenic	N	-
3_405	0000001518	0	non_pathogenic	N	-
3_406	0000001519	0	non_pathogenic	Y	-
3_407	0000001520	0	non_pathogenic	Y	-
3_408	0000001521	0	non_pathogenic	Y	-
3_409	0000001522	0	non_pathogenic	N	-
3_410	0000001523	0	non_pathogenic	N	-
3_411	0000001524	0	non_pathogenic	Y	-
3_412	0000001525	0	non_pathogenic	Y	-
3_413	0000001526	0	non_pathogenic	Y	-
3_414	0000001527	0	non_pathogenic	N	-
3_415	0000001528	0	non_pathogenic	N	-
3_416	0000001529	0	non_pathogenic	Y	-
3_417	0000001530	0	non_pathogenic	N	-
3_418	0000001531	0	non_pathogenic	Y	-
3_419	0000001532	0	non_pathogenic	N	-
3_420	0000001533	0	non_pathogenic	Y	-
3_421	0000001534	0	non_pathogenic	Y	-
3_422	0000001535	0	non_pathogenic	Y	-
3_423	0000001536	0	non_pathogenic	Y	-
3_424	0000001537	0	non_pathogenic	Y	-
3_425	0000001538	0	non_pathogenic	Y	-
3_426	0000001539	0	non_pathogenic	N	-
3_427	0000001540	0	non_pathogenic	N	-
3_428	0000001541	0	non_pathogenic	Y	-
3_429	0000001542	0	non_pathogenic	Y	-
3_430	0000001543	0	non_pathogenic	Y	-
3_431	0000001544	0	non_pathogenic	N	-
3_432	0000001545	0	non_pathogenic	N	-
3_433	0000001546	0	non_pathogenic	N	-
3_434	0000001547	0	non_pathogenic	N	-
3_435	0000001548	0	non_pathogenic	N	-
3_436	0000001549	0	non_pathogenic	N	-
3_437	0000001550	0	non_pathogenic	N	-
3_438	0000001551	0	non_pathogenic	N	-
3_439	0000001552	0	non_pathogenic	N	-
3_440	0000001553	0	non_pathogenic	N	-
3_441	0000001554	0	non_pathogenic	N	-
3_442	0000001555	0	non_pathogenic	N	-
3_443	0000001556	0	non_pathogenic	N	-
3_444	0000001557	0	non_pathogenic	N	-
3_445	0000001558	0	non_pathogenic	N	-
3_446	0000001559	0	non_pathogenic	N	-
3_447	0000001560	0	non_pathogenic	N	-
3_448	0000001561	0	non_pathogenic	N	-
3_449	0000001562	0	non_pathogenic	N	-
3_450	0000001563	0	non_pathogenic	Y	-
3_451	0000001564	0	non_pathogenic	N	-
3_452	0000001565	0	non_pathogenic	N	-
3_453	0000001566	0	non_pathogenic	N	-
3_454	0000001567	1	pathogenic	Y	1: Secreted Toxin
3_455	0000001568	0	non_pathogenic	N	-
3_456	0000001569	0	non_pathogenic	N	-
3_457	0000001570	0	non_pathogenic	N	-
3_458	0000001571	0	non_pathogenic	N	-
3_459	0000001572	0	non_pathogenic	N	-
3_460	0000001573	1	pathogenic	N	2: Non-secreted Toxin
3_461	0000001574	0	non_pathogenic	N	-
3_462	0000001575	0	non_pathogenic	N	-
3_463	0000001576	0	non_pathogenic	N	-
3_464	0000001577	0	non_pathogenic	N	-
3_465	0000001578	0	non_pathogenic	N	-
3_466	0000001579	0	non_pathogenic	N	-
3_467	0000001580	0	non_pathogenic	Y	-
3_468	0000001581	0	non_pathogenic	Y	-
3_469	0000001582	0	non_pathogenic	N	-
3_470	0000001583	0	non_pathogenic	N	-
3_471	0000001584	0	non_pathogenic	N	-
3_472	0000001585	0	non_pathogenic	Y	-
3_473	0000001586	0	non_pathogenic	N	-
3_474	0000001587	0	non_pathogenic	N	-
3_475	0000001588	0	non_pathogenic	N	-
3_476	0000001589	0	non_pathogenic	N	-
3_477	0000001590	0	non_pathogenic	N	-
3_478	0000001591	0	non_pathogenic	N	-
3_479	0000001592	0	non_pathogenic	N	-
3_480	0000001593	0	non_pathogenic	Y	-
3_481	0000001594	0	non_pathogenic	Y	-
3_482	0000001595	0	non_pathogenic	N	-
3_483	0000001596	0	non_pathogenic	N	-
3_484	0000001597	0	non_pathogenic	N	-
3_485	0000001598	0	non_pathogenic	Y	-
3_486	0000001599	0	non_pathogenic	N	-
3_487	0000001600	0	non_pathogenic	N	-
3_488	0000001601	0	non_pathogenic	N	-
3_489	0000001602	0	non_pathogenic	N	-
3_490	0000001603	0	non_pathogenic	N	-
3_491	0000001604	0	non_pathogenic	N	-
3_492	0000001605	0	non_pathogenic	N	-
3_493	0000001606	0	non_pathogenic	N	-
3_494	0000001607	0	non_pathogenic	N	-
3_495	0000001608	0	non_pathogenic	N	-
3_496	0000001609	0	non_pathogenic	N	-
3_497	0000001610	0	non_pathogenic	Y	-
3_498	0000001611	0	non_pathogenic	N	-
3_499	0000001612	0	non_pathogenic	N	-
3_500	0000001613	0	non_pathogenic	N	-
3_501	0000001614	0	non_pathogenic	N	-
3_502	0000001615	0	non_pathogenic	N	-
3_503	0000001616	0	non_pathogenic	Y	-
3_504	0000001617	0	non_pathogenic	N	-
3_505	0000001618	0	non_pathogenic	N	-
3_506	0000001619	0	non_pathogenic	N	-
3_507	0000001620	0	non_pathogenic	N	-
3_508	0000001621	0	non_pathogenic	Y	-
3_509	0000001622	0	non_pathogenic	N	-
3_510	0000001623	0	non_pathogenic	N	-
3_511	0000001624	0	non_pathogenic	Y	-
3_512	0000001625	0	non_pathogenic	N	-
3_513	0000001626	0	non_pathogenic	Y	-
3_514	0000001627	0	non_pathogenic	N	-
3_515	0000001628	0	non_pathogenic	N	-
3_516	0000001629	0	non_pathogenic	Y	-
3_517	0000001630	0	non_pathogenic	Y	-
3_518	0000001631	0	non_pathogenic	N	-
3_519	0000001632	0	non_pathogenic	N	-
3_520	0000001633	0	non_pathogenic	N	-
3_521	0000001634	0	non_pathogenic	N	-
3_522	0000001635	0	non_pathogenic	Y	-
3_523	0000001636	0	non_pathogenic	N	-
3_524	0000001637	0	non_pathogenic	N	-
3_525	0000001638	0	non_pathogenic	N	-
3_526	0000001639	0	non_pathogenic	N	-
3_527	0000001640	0	non_pathogenic	N	-
3_528	0000001641	0	non_pathogenic	Y	-
3_529	0000001642	0	non_pathogenic	Y	-
3_530	0000001643	1	pathogenic	N	2: Non-secreted Toxin
3_531	0000001644	0	non_pathogenic	N	-
3_532	0000001645	0	non_pathogenic	N	-
3_533	0000001646	0	non_pathogenic	Y	-
3_534	0000001647	0	non_pathogenic	N	-
3_535	0000001648	0	non_pathogenic	N	-
3_536	0000001649	0	non_pathogenic	N	-
3_537	0000001650	0	non_pathogenic	N	-
3_538	0000001651	0	non_pathogenic	N	-
3_539	0000001652	0	non_pathogenic	N	-
3_540	0000001653	0	non_pathogenic	N	-
3_541	0000001654	0	non_pathogenic	N	-
3_542	0000001655	0	non_pathogenic	N	-
3_543	0000001656	0	non_pathogenic	N	-
3_544	0000001657	0	non_pathogenic	N	-
3_545	0000001658	0	non_pathogenic	N	-
3_546	0000001659	0	non_pathogenic	N	-
3_547	0000001660	0	non_pathogenic	N	-
3_548	0000001661	0	non_pathogenic	N	-
3_549	0000001662	0	non_pathogenic	N	-
3_550	0000001663	0	non_pathogenic	N	-
3_551	0000001664	0	non_pathogenic	Y	-
3_552	0000001665	0	non_pathogenic	N	-
3_553	0000001666	0	non_pathogenic	N	-
3_554	0000001667	0	non_pathogenic	Y	-
3_555	0000001668	0	non_pathogenic	N	-
3_556	0000001669	0	non_pathogenic	Y	-
3_557	0000001670	0	non_pathogenic	N	-
3_558	0000001671	0	non_pathogenic	N	-
3_559	0000001672	0	non_pathogenic	N	-
4_1	0000001673	0	non_pathogenic	N	-
4_2	0000001674	0	non_pathogenic	N	-
4_3	0000001675	0	non_pathogenic	N	-
4_4	0000001676	0	non_pathogenic	N	-
4_5	0000001677	0	non_pathogenic	N	-
4_6	0000001678	0	non_pathogenic	Y	-
4_7	0000001679	0	non_pathogenic	N	-
4_8	0000001680	0	non_pathogenic	N	-
4_9	0000001681	0	non_pathogenic	N	-
4_10	0000001682	0	non_pathogenic	N	-
4_11	0000001683	0	non_pathogenic	N	-
4_12	0000001684	0	non_pathogenic	Y	-
4_13	0000001685	0	non_pathogenic	N	-
4_14	0000001686	0	non_pathogenic	N	-
4_15	0000001687	0	non_pathogenic	N	-
4_16	0000001688	0	non_pathogenic	N	-
4_17	0000001689	0	non_pathogenic	N	-
4_18	0000001690	0	non_pathogenic	N	-
4_19	0000001691	0	non_pathogenic	N	-
4_20	0000001692	0	non_pathogenic	N	-
4_21	0000001693	0	non_pathogenic	N	-
4_22	0000001694	0	non_pathogenic	N	-
4_23	0000001695	0	non_pathogenic	N	-
4_24	0000001696	0	non_pathogenic	N	-
4_25	0000001697	0	non_pathogenic	N	-
4_26	0000001698	0	non_pathogenic	Y	-
4_27	0000001699	0	non_pathogenic	Y	-
4_28	0000001700	0	non_pathogenic	Y	-
4_29	0000001701	0	non_pathogenic	N	-
4_30	0000001702	0	non_pathogenic	N	-
4_31	0000001703	0	non_pathogenic	N	-
4_32	0000001704	0	non_pathogenic	N	-
4_33	0000001705	0	non_pathogenic	N	-
4_34	0000001706	0	non_pathogenic	N	-
4_35	0000001707	0	non_pathogenic	N	-
4_36	0000001708	0	non_pathogenic	Y	-
4_37	0000001709	0	non_pathogenic	N	-
4_38	0000001710	0	non_pathogenic	N	-
4_39	0000001711	0	non_pathogenic	Y	-
4_40	0000001712	0	non_pathogenic	N	-
4_41	0000001713	0	non_pathogenic	N	-
4_42	0000001714	0	non_pathogenic	N	-
4_43	0000001715	0	non_pathogenic	N	-
4_44	0000001716	0	non_pathogenic	Y	-
4_45	0000001717	0	non_pathogenic	Y	-
4_46	0000001718	0	non_pathogenic	N	-
4_47	0000001719	0	non_pathogenic	N	-
4_48	0000001720	0	non_pathogenic	N	-
4_49	0000001721	0	non_pathogenic	N	-
4_50	0000001722	0	non_pathogenic	Y	-
4_51	0000001723	0	non_pathogenic	N	-
4_52	0000001724	0	non_pathogenic	N	-
4_53	0000001725	0	non_pathogenic	N	-
4_54	0000001726	0	non_pathogenic	N	-
4_55	0000001727	0	non_pathogenic	N	-
4_56	0000001728	0	non_pathogenic	N	-
4_57	0000001729	0	non_pathogenic	N	-
4_58	0000001730	0	non_pathogenic	N	-
4_59	0000001731	0	non_pathogenic	Y	-
4_60	0000001732	0	non_pathogenic	N	-
4_61	0000001733	0	non_pathogenic	N	-
4_62	0000001734	0	non_pathogenic	N	-
4_63	0000001735	0	non_pathogenic	Y	-
4_64	0000001736	0	non_pathogenic	N	-
4_65	0000001737	0	non_pathogenic	N	-
4_66	0000001738	0	non_pathogenic	N	-
4_67	0000001739	0	non_pathogenic	N	-
4_68	0000001740	0	non_pathogenic	N	-
4_69	0000001741	0	non_pathogenic	N	-
4_70	0000001742	0	non_pathogenic	N	-
4_71	0000001743	0	non_pathogenic	N	-
4_72	0000001744	0	non_pathogenic	N	-
4_73	0000001745	0	non_pathogenic	N	-
4_74	0000001746	0	non_pathogenic	N	-
4_75	0000001747	0	non_pathogenic	N	-
4_76	0000001748	1	pathogenic	N	2: Non-secreted Toxin
4_77	0000001749	0	non_pathogenic	N	-
4_78	0000001750	0	non_pathogenic	Y	-
4_79	0000001751	0	non_pathogenic	N	-
4_80	0000001752	0	non_pathogenic	N	-
4_81	0000001753	0	non_pathogenic	Y	-
4_82	0000001754	0	non_pathogenic	N	-
4_83	0000001755	0	non_pathogenic	N	-
4_84	0000001756	0	non_pathogenic	N	-
4_85	0000001757	0	non_pathogenic	N	-
4_86	0000001758	0	non_pathogenic	N	-
4_87	0000001759	0	non_pathogenic	N	-
4_88	0000001760	0	non_pathogenic	N	-
4_89	0000001761	0	non_pathogenic	N	-
4_90	0000001762	0	non_pathogenic	N	-
4_91	0000001763	0	non_pathogenic	N	-
4_92	0000001764	0	non_pathogenic	N	-
4_93	0000001765	0	non_pathogenic	N	-
4_94	0000001766	0	non_pathogenic	N	-
4_95	0000001767	0	non_pathogenic	N	-
4_96	0000001768	0	non_pathogenic	N	-
4_97	0000001769	0	non_pathogenic	Y	-
4_98	0000001770	0	non_pathogenic	N	-
4_99	0000001771	0	non_pathogenic	N	-
4_100	0000001772	0	non_pathogenic	N	-
4_101	0000001773	0	non_pathogenic	N	-
4_102	0000001774	0	non_pathogenic	Y	-
4_103	0000001775	0	non_pathogenic	N	-
4_104	0000001776	0	non_pathogenic	N	-
4_105	0000001777	0	non_pathogenic	N	-
4_106	0000001778	0	non_pathogenic	N	-
4_107	0000001779	0	non_pathogenic	N	-
4_108	0000001780	0	non_pathogenic	N	-
4_109	0000001781	0	non_pathogenic	N	-
4_110	0000001782	0	non_pathogenic	N	-
4_111	0000001783	0	non_pathogenic	N	-
4_112	0000001784	0	non_pathogenic	N	-
4_113	0000001785	0	non_pathogenic	N	-
4_114	0000001786	0	non_pathogenic	N	-
4_115	0000001787	0	non_pathogenic	N	-
4_116	0000001788	0	non_pathogenic	N	-
4_117	0000001789	0	non_pathogenic	N	-
4_118	0000001790	0	non_pathogenic	Y	-
4_119	0000001791	0	non_pathogenic	N	-
4_120	0000001792	0	non_pathogenic	N	-
4_121	0000001793	0	non_pathogenic	N	-
4_122	0000001794	0	non_pathogenic	N	-
4_123	0000001795	0	non_pathogenic	N	-
4_124	0000001796	0	non_pathogenic	N	-
4_125	0000001797	0	non_pathogenic	N	-
4_126	0000001798	0	non_pathogenic	N	-
4_127	0000001799	0	non_pathogenic	N	-
4_128	0000001800	0	non_pathogenic	N	-
4_129	0000001801	0	non_pathogenic	N	-
4_130	0000001802	0	non_pathogenic	N	-
4_131	0000001803	0	non_pathogenic	Y	-
4_132	0000001804	0	non_pathogenic	N	-
4_133	0000001805	0	non_pathogenic	N	-
4_134	0000001806	0	non_pathogenic	N	-
4_135	0000001807	0	non_pathogenic	N	-
4_136	0000001808	0	non_pathogenic	N	-
4_137	0000001809	0	non_pathogenic	N	-
4_138	0000001810	0	non_pathogenic	N	-
4_139	0000001811	0	non_pathogenic	N	-
4_140	0000001812	0	non_pathogenic	N	-
4_141	0000001813	1	pathogenic	N	2: Non-secreted Toxin
4_142	0000001814	0	non_pathogenic	N	-
4_143	0000001815	0	non_pathogenic	N	-
4_144	0000001816	1	pathogenic	Y	1: Secreted Toxin
4_145	0000001817	0	non_pathogenic	N	-
4_146	0000001818	0	non_pathogenic	N	-
4_147	0000001819	0	non_pathogenic	N	-
4_148	0000001820	0	non_pathogenic	N	-
4_149	0000001821	0	non_pathogenic	N	-
4_150	0000001822	0	non_pathogenic	N	-
4_151	0000001823	0	non_pathogenic	N	-
4_152	0000001824	0	non_pathogenic	Y	-
4_153	0000001825	0	non_pathogenic	N	-
4_154	0000001826	0	non_pathogenic	Y	-
4_155	0000001827	0	non_pathogenic	N	-
4_156	0000001828	0	non_pathogenic	N	-
4_157	0000001829	0	non_pathogenic	N	-
4_158	0000001830	0	non_pathogenic	N	-
4_159	0000001831	0	non_pathogenic	N	-
4_160	0000001832	0	non_pathogenic	N	-
4_161	0000001833	0	non_pathogenic	N	-
4_162	0000001834	0	non_pathogenic	N	-
4_163	0000001835	0	non_pathogenic	Y	-
4_164	0000001836	0	non_pathogenic	N	-
4_165	0000001837	0	non_pathogenic	N	-
4_166	0000001838	0	non_pathogenic	N	-
4_167	0000001839	0	non_pathogenic	N	-
4_168	0000001840	0	non_pathogenic	N	-
4_169	0000001841	0	non_pathogenic	N	-
4_170	0000001842	0	non_pathogenic	N	-
4_171	0000001843	0	non_pathogenic	N	-
4_172	0000001844	0	non_pathogenic	N	-
4_173	0000001845	0	non_pathogenic	N	-
4_174	0000001846	0	non_pathogenic	N	-
4_175	0000001847	0	non_pathogenic	N	-
4_176	0000001848	0	non_pathogenic	N	-
4_177	0000001849	0	non_pathogenic	N	-
4_178	0000001850	0	non_pathogenic	N	-
4_179	0000001851	0	non_pathogenic	N	-
4_180	0000001852	0	non_pathogenic	N	-
4_181	0000001853	0	non_pathogenic	N	-
4_182	0000001854	0	non_pathogenic	Y	-
4_183	0000001855	0	non_pathogenic	N	-
4_184	0000001856	0	non_pathogenic	N	-
4_185	0000001857	0	non_pathogenic	N	-
4_186	0000001858	0	non_pathogenic	N	-
4_187	0000001859	0	non_pathogenic	Y	-
4_188	0000001860	0	non_pathogenic	Y	-
4_189	0000001861	0	non_pathogenic	N	-
4_190	0000001862	0	non_pathogenic	Y	-
4_191	0000001863	0	non_pathogenic	N	-
4_192	0000001864	0	non_pathogenic	N	-
4_193	0000001865	0	non_pathogenic	Y	-
4_194	0000001866	0	non_pathogenic	N	-
4_195	0000001867	0	non_pathogenic	N	-
4_196	0000001868	0	non_pathogenic	Y	-
4_197	0000001869	0	non_pathogenic	N	-
4_198	0000001870	0	non_pathogenic	N	-
4_199	0000001871	0	non_pathogenic	N	-
4_200	0000001872	0	non_pathogenic	N	-
4_201	0000001873	0	non_pathogenic	N	-
4_202	0000001874	0	non_pathogenic	Y	-
4_203	0000001875	0	non_pathogenic	N	-
4_204	0000001876	0	non_pathogenic	N	-
4_205	0000001877	0	non_pathogenic	N	-
4_206	0000001878	0	non_pathogenic	N	-
4_207	0000001879	0	non_pathogenic	N	-
4_208	0000001880	0	non_pathogenic	N	-
4_209	0000001881	0	non_pathogenic	N	-
4_210	0000001882	0	non_pathogenic	N	-
4_211	0000001883	1	pathogenic	Y	1: Secreted Toxin
4_212	0000001884	0	non_pathogenic	N	-
4_213	0000001885	0	non_pathogenic	N	-
4_214	0000001886	0	non_pathogenic	N	-
4_215	0000001887	0	non_pathogenic	N	-
4_216	0000001888	0	non_pathogenic	N	-
4_217	0000001889	0	non_pathogenic	Y	-
4_218	0000001890	0	non_pathogenic	N	-
4_219	0000001891	0	non_pathogenic	N	-
4_220	0000001892	0	non_pathogenic	N	-
4_221	0000001893	0	non_pathogenic	N	-
4_222	0000001894	0	non_pathogenic	N	-
4_223	0000001895	0	non_pathogenic	N	-
4_224	0000001896	0	non_pathogenic	N	-
4_225	0000001897	0	non_pathogenic	Y	-
4_226	0000001898	0	non_pathogenic	N	-
4_227	0000001899	0	non_pathogenic	N	-
4_228	0000001900	0	non_pathogenic	N	-
4_229	0000001901	0	non_pathogenic	N	-
4_230	0000001902	0	non_pathogenic	N	-
4_231	0000001903	0	non_pathogenic	N	-
4_232	0000001904	0	non_pathogenic	N	-
4_233	0000001905	0	non_pathogenic	N	-
4_234	0000001906	0	non_pathogenic	Y	-
4_235	0000001907	0	non_pathogenic	Y	-
4_236	0000001908	0	non_pathogenic	N	-
4_237	0000001909	0	non_pathogenic	N	-
4_238	0000001910	0	non_pathogenic	N	-
4_239	0000001911	0	non_pathogenic	N	-
4_240	0000001912	0	non_pathogenic	N	-
4_241	0000001913	0	non_pathogenic	N	-
4_242	0000001914	0	non_pathogenic	N	-
4_243	0000001915	0	non_pathogenic	N	-
4_244	0000001916	0	non_pathogenic	N	-
4_245	0000001917	0	non_pathogenic	N	-
4_246	0000001918	0	non_pathogenic	N	-
4_247	0000001919	0	non_pathogenic	N	-
4_248	0000001920	0	non_pathogenic	N	-
4_249	0000001921	0	non_pathogenic	N	-
4_250	0000001922	0	non_pathogenic	N	-
4_251	0000001923	0	non_pathogenic	Y	-
4_252	0000001924	0	non_pathogenic	N	-
4_253	0000001925	0	non_pathogenic	N	-
4_254	0000001926	0	non_pathogenic	N	-
4_255	0000001927	0	non_pathogenic	N	-
4_256	0000001928	0	non_pathogenic	N	-
4_257	0000001929	0	non_pathogenic	N	-
4_258	0000001930	0	non_pathogenic	N	-
4_259	0000001931	0	non_pathogenic	N	-
4_260	0000001932	0	non_pathogenic	N	-
4_261	0000001933	0	non_pathogenic	N	-
4_262	0000001934	0	non_pathogenic	Y	-
4_263	0000001935	0	non_pathogenic	N	-
4_264	0000001936	0	non_pathogenic	N	-
4_265	0000001937	0	non_pathogenic	N	-
4_266	0000001938	0	non_pathogenic	N	-
4_267	0000001939	0	non_pathogenic	N	-
4_268	0000001940	0	non_pathogenic	N	-
4_269	0000001941	0	non_pathogenic	N	-
4_270	0000001942	0	non_pathogenic	N	-
4_271	0000001943	0	non_pathogenic	Y	-
4_272	0000001944	0	non_pathogenic	N	-
4_273	0000001945	0	non_pathogenic	Y	-
4_274	0000001946	0	non_pathogenic	N	-
4_275	0000001947	0	non_pathogenic	Y	-
4_276	0000001948	0	non_pathogenic	N	-
4_277	0000001949	0	non_pathogenic	N	-
4_278	0000001950	0	non_pathogenic	N	-
4_279	0000001951	0	non_pathogenic	N	-
4_280	0000001952	0	non_pathogenic	N	-
4_281	0000001953	0	non_pathogenic	N	-
4_282	0000001954	0	non_pathogenic	N	-
4_283	0000001955	0	non_pathogenic	N	-
4_284	0000001956	0	non_pathogenic	N	-
4_285	0000001957	0	non_pathogenic	N	-
4_286	0000001958	0	non_pathogenic	N	-
4_287	0000001959	0	non_pathogenic	Y	-
4_288	0000001960	0	non_pathogenic	N	-
4_289	0000001961	0	non_pathogenic	N	-
4_290	0000001962	0	non_pathogenic	N	-
4_291	0000001963	0	non_pathogenic	N	-
4_292	0000001964	0	non_pathogenic	N	-
4_293	0000001965	0	non_pathogenic	N	-
4_294	0000001966	0	non_pathogenic	N	-
4_295	0000001967	0	non_pathogenic	N	-
4_296	0000001968	0	non_pathogenic	N	-
4_297	0000001969	0	non_pathogenic	N	-
4_298	0000001970	0	non_pathogenic	N	-
4_299	0000001971	0	non_pathogenic	N	-
4_300	0000001972	0	non_pathogenic	N	-
4_301	0000001973	0	non_pathogenic	N	-
4_302	0000001974	0	non_pathogenic	N	-
4_303	0000001975	0	non_pathogenic	N	-
4_304	0000001976	0	non_pathogenic	N	-
4_305	0000001977	0	non_pathogenic	N	-
4_306	0000001978	0	non_pathogenic	N	-
4_307	0000001979	0	non_pathogenic	N	-
4_308	0000001980	0	non_pathogenic	N	-
4_309	0000001981	0	non_pathogenic	N	-
4_310	0000001982	0	non_pathogenic	N	-
4_311	0000001983	0	non_pathogenic	N	-
4_312	0000001984	0	non_pathogenic	N	-
4_313	0000001985	0	non_pathogenic	N	-
4_314	0000001986	0	non_pathogenic	N	-
4_315	0000001987	0	non_pathogenic	N	-
4_316	0000001988	0	non_pathogenic	N	-
4_317	0000001989	0	non_pathogenic	N	-
4_318	0000001990	0	non_pathogenic	N	-
4_319	0000001991	0	non_pathogenic	N	-
4_320	0000001992	0	non_pathogenic	N	-
4_321	0000001993	0	non_pathogenic	N	-
4_322	0000001994	0	non_pathogenic	Y	-
4_323	0000001995	0	non_pathogenic	N	-
4_324	0000001996	0	non_pathogenic	N	-
4_325	0000001997	0	non_pathogenic	N	-
4_326	0000001998	0	non_pathogenic	Y	-
4_327	0000001999	0	non_pathogenic	Y	-
4_328	0000002000	0	non_pathogenic	N	-
4_329	0000002001	0	non_pathogenic	N	-
4_330	0000002002	0	non_pathogenic	N	-
4_331	0000002003	0	non_pathogenic	N	-
4_332	0000002004	0	non_pathogenic	N	-
4_333	0000002005	0	non_pathogenic	N	-
4_334	0000002006	0	non_pathogenic	N	-
4_335	0000002007	0	non_pathogenic	N	-
4_336	0000002008	1	pathogenic	N	2: Non-secreted Toxin
4_337	0000002009	0	non_pathogenic	N	-
4_338	0000002010	0	non_pathogenic	N	-
4_339	0000002011	0	non_pathogenic	N	-
4_340	0000002012	0	non_pathogenic	N	-
4_341	0000002013	0	non_pathogenic	N	-
4_342	0000002014	0	non_pathogenic	N	-
4_343	0000002015	0	non_pathogenic	N	-
4_344	0000002016	0	non_pathogenic	Y	-
4_345	0000002017	0	non_pathogenic	N	-
4_346	0000002018	0	non_pathogenic	N	-
4_347	0000002019	0	non_pathogenic	N	-
4_348	0000002020	0	non_pathogenic	N	-
4_349	0000002021	0	non_pathogenic	N	-
4_350	0000002022	0	non_pathogenic	N	-
4_351	0000002023	0	non_pathogenic	N	-
4_352	0000002024	0	non_pathogenic	N	-
4_353	0000002025	0	non_pathogenic	N	-
4_354	0000002026	0	non_pathogenic	N	-
4_355	0000002027	0	non_pathogenic	N	-
4_356	0000002028	0	non_pathogenic	N	-
4_357	0000002029	0	non_pathogenic	N	-
4_358	0000002030	0	non_pathogenic	N	-
4_359	0000002031	0	non_pathogenic	N	-
4_360	0000002032	0	non_pathogenic	Y	-
4_361	0000002033	0	non_pathogenic	Y	-
4_362	0000002034	0	non_pathogenic	N	-
4_363	0000002035	0	non_pathogenic	N	-
4_364	0000002036	0	non_pathogenic	N	-
4_365	0000002037	0	non_pathogenic	Y	-
4_366	0000002038	0	non_pathogenic	Y	-
4_367	0000002039	0	non_pathogenic	N	-
4_368	0000002040	0	non_pathogenic	Y	-
4_369	0000002041	0	non_pathogenic	Y	-
4_370	0000002042	0	non_pathogenic	N	-
4_371	0000002043	0	non_pathogenic	N	-
4_372	0000002044	0	non_pathogenic	N	-
4_373	0000002045	0	non_pathogenic	N	-
4_374	0000002046	0	non_pathogenic	N	-
4_375	0000002047	0	non_pathogenic	N	-
4_376	0000002048	0	non_pathogenic	N	-
4_377	0000002049	0	non_pathogenic	N	-
4_378	0000002050	0	non_pathogenic	Y	-
4_379	0000002051	0	non_pathogenic	N	-
4_380	0000002052	0	non_pathogenic	N	-
4_381	0000002053	0	non_pathogenic	N	-
4_382	0000002054	0	non_pathogenic	N	-
4_383	0000002055	0	non_pathogenic	N	-
4_384	0000002056	0	non_pathogenic	N	-
4_385	0000002057	0	non_pathogenic	N	-
4_386	0000002058	0	non_pathogenic	N	-
4_387	0000002059	0	non_pathogenic	Y	-
4_388	0000002060	0	non_pathogenic	N	-
4_389	0000002061	0	non_pathogenic	Y	-
4_390	0000002062	0	non_pathogenic	Y	-
4_391	0000002063	0	non_pathogenic	N	-
4_392	0000002064	0	non_pathogenic	N	-
4_393	0000002065	0	non_pathogenic	Y	-
4_394	0000002066	0	non_pathogenic	Y	-
4_395	0000002067	0	non_pathogenic	Y	-
4_396	0000002068	0	non_pathogenic	N	-
4_397	0000002069	0	non_pathogenic	N	-
4_398	0000002070	0	non_pathogenic	N	-
4_399	0000002071	0	non_pathogenic	N	-
4_400	0000002072	0	non_pathogenic	N	-
4_401	0000002073	0	non_pathogenic	N	-
4_402	0000002074	0	non_pathogenic	N	-
4_403	0000002075	0	non_pathogenic	Y	-
4_404	0000002076	0	non_pathogenic	Y	-
4_405	0000002077	0	non_pathogenic	N	-
4_406	0000002078	0	non_pathogenic	N	-
4_407	0000002079	0	non_pathogenic	Y	-
4_408	0000002080	0	non_pathogenic	Y	-
4_409	0000002081	0	non_pathogenic	N	-
4_410	0000002082	0	non_pathogenic	N	-
4_411	0000002083	0	non_pathogenic	N	-
4_412	0000002084	0	non_pathogenic	N	-
4_413	0000002085	0	non_pathogenic	N	-
4_414	0000002086	0	non_pathogenic	N	-
4_415	0000002087	0	non_pathogenic	N	-
4_416	0000002088	0	non_pathogenic	N	-
4_417	0000002089	0	non_pathogenic	Y	-
4_418	0000002090	0	non_pathogenic	N	-
4_419	0000002091	0	non_pathogenic	N	-
4_420	0000002092	0	non_pathogenic	N	-
4_421	0000002093	0	non_pathogenic	N	-
4_422	0000002094	0	non_pathogenic	N	-
4_423	0000002095	0	non_pathogenic	N	-
4_424	0000002096	0	non_pathogenic	N	-
4_425	0000002097	0	non_pathogenic	N	-
4_426	0000002098	0	non_pathogenic	Y	-
4_427	0000002099	0	non_pathogenic	N	-
4_428	0000002100	0	non_pathogenic	Y	-
4_429	0000002101	0	non_pathogenic	Y	-
4_430	0000002102	0	non_pathogenic	N	-
4_431	0000002103	0	non_pathogenic	N	-
4_432	0000002104	0	non_pathogenic	N	-
4_433	0000002105	0	non_pathogenic	Y	-
4_434	0000002106	0	non_pathogenic	Y	-
4_435	0000002107	0	non_pathogenic	Y	-
4_436	0000002108	0	non_pathogenic	N	-
4_437	0000002109	0	non_pathogenic	N	-
4_438	0000002110	0	non_pathogenic	N	-
4_439	0000002111	0	non_pathogenic	N	-
4_440	0000002112	0	non_pathogenic	N	-
4_441	0000002113	0	non_pathogenic	Y	-
4_442	0000002114	0	non_pathogenic	N	-
4_443	0000002115	0	non_pathogenic	N	-
4_444	0000002116	0	non_pathogenic	N	-
4_445	0000002117	0	non_pathogenic	N	-
4_446	0000002118	0	non_pathogenic	N	-
4_447	0000002119	0	non_pathogenic	N	-
4_448	0000002120	0	non_pathogenic	N	-
4_449	0000002121	0	non_pathogenic	Y	-
4_450	0000002122	0	non_pathogenic	N	-
4_451	0000002123	0	non_pathogenic	N	-
4_452	0000002124	0	non_pathogenic	N	-
4_453	0000002125	0	non_pathogenic	N	-
4_454	0000002126	0	non_pathogenic	N	-
4_455	0000002127	0	non_pathogenic	Y	-
4_456	0000002128	0	non_pathogenic	Y	-
4_457	0000002129	0	non_pathogenic	N	-
4_458	0000002130	0	non_pathogenic	N	-
4_459	0000002131	0	non_pathogenic	N	-
4_460	0000002132	0	non_pathogenic	N	-
4_461	0000002133	0	non_pathogenic	Y	-
4_462	0000002134	0	non_pathogenic	N	-
4_463	0000002135	0	non_pathogenic	N	-
4_464	0000002136	0	non_pathogenic	N	-
4_465	0000002137	0	non_pathogenic	N	-
4_466	0000002138	0	non_pathogenic	Y	-
4_467	0000002139	0	non_pathogenic	N	-
4_468	0000002140	0	non_pathogenic	N	-
4_469	0000002141	0	non_pathogenic	Y	-
4_470	0000002142	0	non_pathogenic	Y	-
4_471	0000002143	0	non_pathogenic	Y	-
4_472	0000002144	0	non_pathogenic	N	-
4_473	0000002145	0	non_pathogenic	N	-
4_474	0000002146	0	non_pathogenic	N	-
4_475	0000002147	0	non_pathogenic	N	-
4_476	0000002148	0	non_pathogenic	N	-
4_477	0000002149	0	non_pathogenic	N	-
4_478	0000002150	0	non_pathogenic	N	-
4_479	0000002151	0	non_pathogenic	N	-
4_480	0000002152	0	non_pathogenic	N	-
4_481	0000002153	0	non_pathogenic	N	-
4_482	0000002154	0	non_pathogenic	N	-
4_483	0000002155	0	non_pathogenic	N	-
4_484	0000002156	0	non_pathogenic	N	-
4_485	0000002157	0	non_pathogenic	N	-
4_486	0000002158	0	non_pathogenic	N	-
4_487	0000002159	0	non_pathogenic	N	-
4_488	0000002160	0	non_pathogenic	Y	-
4_489	0000002161	0	non_pathogenic	Y	-
4_490	0000002162	0	non_pathogenic	N	-
4_491	0000002163	0	non_pathogenic	N	-
4_492	0000002164	0	non_pathogenic	N	-
4_493	0000002165	0	non_pathogenic	Y	-
4_494	0000002166	0	non_pathogenic	N	-
4_495	0000002167	0	non_pathogenic	N	-
4_496	0000002168	0	non_pathogenic	N	-
4_497	0000002169	0	non_pathogenic	N	-
4_498	0000002170	0	non_pathogenic	N	-
4_499	0000002171	0	non_pathogenic	N	-
4_500	0000002172	0	non_pathogenic	N	-
4_501	0000002173	0	non_pathogenic	N	-
4_502	0000002174	0	non_pathogenic	N	-
4_503	0000002175	0	non_pathogenic	N	-
4_504	0000002176	0	non_pathogenic	N	-
4_505	0000002177	0	non_pathogenic	N	-
4_506	0000002178	1	pathogenic	Y	1: Secreted Toxin
4_507	0000002179	1	pathogenic	N	2: Non-secreted Toxin
4_508	0000002180	1	pathogenic	N	2: Non-secreted Toxin
4_509	0000002181	0	non_pathogenic	N	-
4_510	0000002182	0	non_pathogenic	N	-
4_511	0000002183	0	non_pathogenic	N	-
4_512	0000002184	0	non_pathogenic	N	-
4_513	0000002185	0	non_pathogenic	N	-
4_514	0000002186	0	non_pathogenic	Y	-
4_515	0000002187	0	non_pathogenic	N	-
4_516	0000002188	0	non_pathogenic	N	-
4_517	0000002189	0	non_pathogenic	Y	-
4_518	0000002190	0	non_pathogenic	N	-
4_519	0000002191	0	non_pathogenic	N	-
4_520	0000002192	0	non_pathogenic	N	-
4_521	0000002193	0	non_pathogenic	N	-
4_522	0000002194	0	non_pathogenic	Y	-
4_523	0000002195	0	non_pathogenic	N	-
4_524	0000002196	0	non_pathogenic	N	-
4_525	0000002197	0	non_pathogenic	N	-
4_526	0000002198	0	non_pathogenic	N	-
4_527	0000002199	0	non_pathogenic	N	-
4_528	0000002200	0	non_pathogenic	Y	-
4_529	0000002201	0	non_pathogenic	N	-
4_530	0000002202	0	non_pathogenic	N	-
4_531	0000002203	0	non_pathogenic	N	-
4_532	0000002204	0	non_pathogenic	Y	-
4_533	0000002205	0	non_pathogenic	Y	-
4_534	0000002206	0	non_pathogenic	Y	-
4_535	0000002207	0	non_pathogenic	N	-
4_536	0000002208	0	non_pathogenic	N	-
4_537	0000002209	0	non_pathogenic	N	-
4_538	0000002210	0	non_pathogenic	N	-
4_539	0000002211	0	non_pathogenic	N	-
4_540	0000002212	0	non_pathogenic	N	-
4_541	0000002213	0	non_pathogenic	Y	-
4_542	0000002214	0	non_pathogenic	N	-
4_543	0000002215	0	non_pathogenic	N	-
4_544	0000002216	0	non_pathogenic	N	-
4_545	0000002217	0	non_pathogenic	N	-
4_546	0000002218	0	non_pathogenic	N	-
4_547	0000002219	0	non_pathogenic	N	-
4_548	0000002220	0	non_pathogenic	N	-
4_549	0000002221	0	non_pathogenic	N	-
4_550	0000002222	0	non_pathogenic	Y	-
4_551	0000002223	0	non_pathogenic	N	-
4_552	0000002224	0	non_pathogenic	N	-
4_553	0000002225	0	non_pathogenic	N	-
4_554	0000002226	0	non_pathogenic	N	-
4_555	0000002227	0	non_pathogenic	N	-
4_556	0000002228	0	non_pathogenic	N	-
4_557	0000002229	0	non_pathogenic	N	-
4_558	0000002230	0	non_pathogenic	N	-
4_559	0000002231	0	non_pathogenic	N	-
4_560	0000002232	0	non_pathogenic	N	-
4_561	0000002233	0	non_pathogenic	N	-
4_562	0000002234	0	non_pathogenic	Y	-
4_563	0000002235	0	non_pathogenic	N	-
4_564	0000002236	0	non_pathogenic	N	-
4_565	0000002237	0	non_pathogenic	N	-
4_566	0000002238	0	non_pathogenic	N	-
4_567	0000002239	0	non_pathogenic	N	-
4_568	0000002240	0	non_pathogenic	N	-
4_569	0000002241	0	non_pathogenic	N	-
4_570	0000002242	0	non_pathogenic	Y	-
4_571	0000002243	0	non_pathogenic	Y	-
4_572	0000002244	0	non_pathogenic	Y	-
4_573	0000002245	0	non_pathogenic	N	-
4_574	0000002246	0	non_pathogenic	N	-
