Strain	Sequence	Sequence_basename	Duplicated_Spacers	CRISPR_Id	CRISPR_Start	CRISPR_End	CRISPR_Length	Potential_Orientation (AT%)	CRISPRDirection	Consensus_Repeat	Repeat_ID (CRISPRdb)	Nb_CRISPRs_with_same_Repeat (CRISPRdb)	Repeat_Length	Spacers_Nb	Mean_size_Spacers	Standard_Deviation_Spacers	Nb_Repeats_matching_Consensus	Ratio_Repeats_match/TotalRepeat	Conservation_Repeats (% identity)	EBcons_Repeats	Conservation_Spacers (% identity)	EBcons_Spacers	Repeat_Length_plus_mean_size_Spacers	Ratio_Repeat/mean_Spacers_Length	CRISPR_found_in_DB (if sequence IDs are similar)	Evidence_Level
Unknown	NZ_JACAND010000008_1_Thiopseudomonas_alkaliphila_strain_DF95-5_NODE_8_length_82870_cov_245_223847__whole_genome_shotgun_sequence	NZ_JACAND010000008_1_Thiopseudomonas_alkaliphila_strain_DF95-5_NODE_8_length_82870_cov_245_223847__whole_genome_shotgun_sequence	1	NZ_JACAND010000008_1_Thiopseudomonas_alkaliphila_strain_DF95-5_NODE_8_length_82870_cov_245_223847__whole_genome_shotgun_sequence_1	12469	16036	3567	Reverse	"R [0,0.74   Confidence: HIGH] "	TTTCTGAGCTGCCTATGCGGCAGTGAAC	R8778	3	28	59	32	0	59	0.983333333	78.57142857	97.37946578	0	0	60	0.875	0	4
																										
																										
																										
																										
																										
																										
																										
																										
																										
																										
																										
																										
																										
																										
																										
																										
																										
																										
																										
																										
																										
																										
																										
																										
																										
																										
																										
																										
																										
																										
																										
																										
																										
																										
																										
																										
																										
																										
																										
																										
																										
																										
																										
																										
																										
																										
																										
																										
																										
																										
																										
																										
																										
																										
																										
																										
																										
																										
																										
																										
																										
																										
																										
																										
																										
																										
																										
																										
																										
																										
																										
																										
																										
																										
																										
																										
																										
																										
																										
																										
																										
																										
																										
																										
																										
																										
																										
																										
																										
																										
																										
																										
																										
																										
																										
																										
																										
																										
																										
																										
																										
																										
																										
																										
																										
																										
																										
																										
																										
																										
																										
																										
																										
																										
																										
Unknown	NZ_JACAND010000008_1_Thiopseudomonas_alkaliphila_strain_DF95-5_NODE_8_length_82870_cov_245_223847__whole_genome_shotgun_sequence	NZ_JACAND010000008_1_Thiopseudomonas_alkaliphila_strain_DF95-5_NODE_8_length_82870_cov_245_223847__whole_genome_shotgun_sequence	1	NZ_JACAND010000008_1_Thiopseudomonas_alkaliphila_strain_DF95-5_NODE_8_length_82870_cov_245_223847__whole_genome_shotgun_sequence_1	12469	16036	3567	Reverse	"R [0,0.74   Confidence: HIGH] "	TTTCTGAGCTGCCTATGCGGCAGTGAAC	R8778	3	28	59	32	0	59	0.983333333	78.57142857	97.37946578	0	0	60	0.875	0	4